code,total_return_A_V17基准,n_trades_A_V17基准,win_rate_A_V17基准,avg_ret_per_trade_A_V17基准,total_return_B_ATR_k2.0,n_trades_B_ATR_k2.0,win_rate_B_ATR_k2.0,avg_ret_per_trade_B_ATR_k2.0,total_return_C_ATR_k2.5,n_trades_C_ATR_k2.5,win_rate_C_ATR_k2.5,avg_ret_per_trade_C_ATR_k2.5,total_return_D_ATR_k3.0,n_trades_D_ATR_k3.0,win_rate_D_ATR_k3.0,avg_ret_per_trade_D_ATR_k3.0,total_return_E_ATR_k3.5,n_trades_E_ATR_k3.5,win_rate_E_ATR_k3.5,avg_ret_per_trade_E_ATR_k3.5,total_return_F_ATR_k4.0,n_trades_F_ATR_k4.0,win_rate_F_ATR_k4.0,avg_ret_per_trade_F_ATR_k4.0
000001.SZ,-2.988,7,28.6,-3.957,-3.154,6,16.7,-4.798,-3.157,6,16.7,-5.401,2.143,2,50.0,11.075,1.97,2,50.0,9.986,1.97,2,50.0,9.986
000002.SZ,-3.009,4,0.0,-7.404,-2.528,4,0.0,-6.092,-2.922,4,0.0,-7.455,-2.678,3,0.0,-9.025,-2.888,3,0.0,-9.364,-3.912,3,0.0,-12.929
000063.SZ,-4.098,7,14.3,-5.473,-1.415,5,20.0,-2.987,-0.94,4,25.0,-2.46,-1.455,4,25.0,-3.916,-1.811,4,25.0,-4.725,-2.023,4,25.0,-4.782
000100.SZ,0.854,6,50.0,1.452,-5.019,9,11.1,-5.316,-4.59,8,12.5,-5.799,-3.926,7,14.3,-5.273,-2.281,5,20.0,-4.223,-1.483,4,25.0,-3.251
000157.SZ,-2.423,9,44.4,-2.544,3.266,1,100.0,32.762,3.266,1,100.0,32.762,3.266,1,100.0,32.762,3.266,1,100.0,32.762,3.266,1,100.0,32.762
000166.SZ,-0.303,6,33.3,-0.194,1.228,1,100.0,12.378,1.228,1,100.0,12.378,1.228,1,100.0,12.378,1.228,1,100.0,12.378,1.228,1,100.0,12.378
000301.SZ,1.225,4,25.0,3.159,0.744,4,25.0,2.506,0.527,4,25.0,1.628,0.342,4,25.0,1.176,0.196,4,25.0,0.733,0.076,4,25.0,0.417
000333.SZ,3.173,6,66.7,5.89,6.114,3,33.3,21.66,7.614,2,50.0,38.736,7.351,2,50.0,37.698,7.351,2,50.0,37.698,10.03,1,100.0,100.931
000338.SZ,8.705,7,71.4,13.559,12.318,3,33.3,41.686,19.407,1,100.0,194.751,19.407,1,100.0,194.751,19.407,1,100.0,194.751,19.407,1,100.0,194.751
000408.SZ,22.59,5,40.0,45.1,20.061,4,25.0,50.994,24.897,3,33.3,84.885,24.74,3,33.3,84.622,25.661,2,50.0,130.403,29.965,1,100.0,296.142
000425.SZ,-0.408,7,28.6,0.033,4.027,2,50.0,20.769,3.942,2,50.0,20.036,3.636,2,50.0,18.896,3.568,2,50.0,18.407,3.687,2,50.0,18.57
000538.SZ,-0.12,5,40.0,-0.158,0.539,3,33.3,1.833,0.321,3,33.3,1.11,-0.131,3,33.3,-0.035,-0.131,3,33.3,-0.035,-0.302,3,33.3,-0.704
000568.SZ,-5.445,9,22.2,-5.917,-5.228,8,0.0,-6.548,-6.567,8,0.0,-8.23,-6.305,7,0.0,-8.979,-5.739,6,0.0,-9.636,-6.572,6,0.0,-11.074
000596.SZ,-3.056,6,33.3,-4.768,-3.639,6,16.7,-5.898,-4.556,6,16.7,-7.344,-4.663,6,16.7,-7.57,-6.15,6,16.7,-9.827,-6.578,6,16.7,-10.779
000617.SZ,-5.143,6,0.0,-8.466,-5.417,7,0.0,-7.753,-4.855,6,0.0,-8.127,-5.175,6,0.0,-8.851,-1.201,4,25.0,-2.716,-2.098,4,25.0,-4.869
000625.SZ,-2.394,5,20.0,-4.756,-1.586,3,0.0,-4.655,0.178,1,0.0,-2.19,-0.321,1,0.0,-2.874,-0.49,1,0.0,-4.414,-0.49,1,0.0,-4.414
000630.SZ,2.81,8,25.0,4.362,6.268,6,16.7,11.223,5.058,6,16.7,9.373,4.537,6,16.7,8.658,4.475,6,16.7,8.513,4.503,6,16.7,8.614
000651.SZ,-3.146,10,20.0,-2.972,3.465,3,33.3,11.671,3.171,3,33.3,10.91,2.796,3,33.3,9.89,2.55,3,33.3,9.099,2.583,3,33.3,9.297
000657.SZ,14.537,8,25.0,18.564,40.684,6,16.7,72.461,57.932,4,25.0,150.304,57.916,4,25.0,149.493,57.148,4,25.0,148.827,56.34,4,25.0,147.861
000708.SZ,0.258,5,60.0,0.501,1.051,3,33.3,3.807,0.958,3,33.3,2.788,1.022,3,33.3,3.785,1.224,2,50.0,6.294,1.14,2,50.0,6.03
000725.SZ,-3.231,8,25.0,-3.909,2.323,5,20.0,4.718,1.667,5,20.0,3.817,1.559,5,20.0,3.562,1.142,5,20.0,2.692,1.0,5,20.0,2.309
000768.SZ,-2.431,5,20.0,-4.805,-2.859,4,0.0,-7.079,-0.906,1,0.0,-8.635,-0.906,1,0.0,-8.635,-1.091,1,0.0,-8.94,-1.199,1,0.0,-12.342
000776.SZ,0.808,7,28.6,1.689,8.301,2,50.0,42.213,8.202,2,50.0,41.831,8.156,2,50.0,41.553,8.072,2,50.0,41.206,8.042,2,50.0,41.068
000792.SZ,3.138,5,20.0,6.766,2.841,7,14.3,4.318,2.773,6,16.7,4.991,1.934,6,16.7,3.302,2.116,5,20.0,4.774,1.556,5,20.0,3.735
000807.SZ,5.806,7,42.9,9.753,2.637,6,16.7,5.185,1.417,6,16.7,3.351,1.934,5,20.0,5.357,2.313,5,20.0,4.511,5.403,3,33.3,18.739
000858.SZ,-3.069,6,16.7,-4.857,-2.58,5,0.0,-4.733,-2.915,5,0.0,-5.793,-3.956,5,0.0,-7.139,-4.062,5,0.0,-7.982,-4.666,5,0.0,-8.965
000895.SZ,-0.026,5,60.0,0.537,-0.074,3,33.3,0.016,-0.406,3,33.3,-0.844,-0.584,3,33.3,-1.815,0.995,2,50.0,5.311,0.914,2,50.0,4.845
000938.SZ,1.216,5,20.0,3.808,1.67,5,20.0,3.99,0.609,5,20.0,1.469,0.487,5,20.0,1.355,1.893,4,25.0,5.579,1.434,4,25.0,4.027
000963.SZ,-1.744,6,33.3,-2.938,-4.949,6,0.0,-7.868,-4.485,5,0.0,-8.665,-3.366,4,0.0,-8.567,-4.089,4,0.0,-10.155,-2.392,3,33.3,-7.517
000975.SZ,0.497,8,50.0,0.86,-0.08,6,16.7,0.4,9.064,2,50.0,46.258,9.064,2,50.0,46.258,9.038,2,50.0,45.386,9.055,2,50.0,46.733
000977.SZ,-0.827,6,33.3,-1.137,6.17,3,33.3,20.569,5.369,3,33.3,19.699,4.1,3,33.3,16.045,4.37,3,33.3,15.771,4.468,3,33.3,16.392
000988.SZ,12.57,4,50.0,35.242,20.811,3,33.3,69.049,19.283,3,33.3,65.217,28.66,1,100.0,270.406,28.66,1,100.0,270.406,28.66,1,100.0,270.406
000999.SZ,-5.331,8,12.5,-6.389,-1.784,4,0.0,-3.979,-1.421,3,0.0,-4.592,-1.694,3,0.0,-5.254,-2.314,3,0.0,-7.54,-2.314,3,0.0,-7.54
001280.SZ,0.0,0,0,0,0.0,0,0,0,0.0,0,0,0,0.0,0,0,0,0.0,0,0,0,0.0,0,0,0
001391.SZ,-0.898,1,0.0,-8.66,-0.357,1,0.0,-3.376,-0.357,1,0.0,-3.376,-0.357,1,0.0,-3.376,-0.488,1,0.0,-4.403,-0.488,1,0.0,-4.697
001965.SZ,-2.099,8,25.0,-1.867,2.811,1,100.0,28.244,2.811,1,100.0,28.244,2.811,1,100.0,28.244,2.811,1,100.0,28.244,2.811,1,100.0,28.244
001979.SZ,-3.168,6,16.7,-4.873,-4.215,6,0.0,-6.785,-5.295,6,0.0,-8.437,-5.591,6,0.0,-9.063,-5.183,5,0.0,-10.408,-4.706,4,0.0,-11.771
002001.SZ,2.993,6,50.0,5.451,4.687,3,33.3,15.97,4.474,3,33.3,15.267,8.406,2,50.0,42.534,9.849,1,100.0,98.595,9.849,1,100.0,98.595
002027.SZ,-2.812,6,16.7,-5.46,-5.039,7,0.0,-7.368,-5.854,7,0.0,-8.5,-4.87,6,0.0,-8.581,-4.094,4,0.0,-10.033,-3.329,3,0.0,-10.794
002028.SZ,14.773,6,50.0,24.6,26.931,1,100.0,271.406,26.931,1,100.0,271.406,26.931,1,100.0,271.406,26.931,1,100.0,271.406,26.931,1,100.0,271.406
002049.SZ,-1.766,3,0.0,-5.458,-1.766,3,0.0,-5.71,-2.169,3,0.0,-6.985,-2.516,3,0.0,-8.225,-2.666,3,0.0,-8.635,-3.02,3,0.0,-9.945
002050.SZ,0.108,6,33.3,0.743,4.8,3,33.3,17.328,4.415,3,33.3,16.22,4.039,3,33.3,14.246,4.547,2,50.0,23.508,4.021,2,50.0,21.806
002074.SZ,-2.227,4,25.0,-5.076,-1.552,4,25.0,-3.421,-2.12,4,25.0,-5.007,-2.228,4,25.0,-5.125,-2.648,4,25.0,-6.372,-2.102,3,33.3,-6.136
002142.SZ,-2.829,7,28.6,-3.537,1.04,4,25.0,2.251,-0.005,4,25.0,0.657,-0.084,4,25.0,0.384,-0.33,4,25.0,-0.24,-0.6,4,25.0,-1.287
002179.SZ,-3.748,6,16.7,-6.134,-1.873,4,0.0,-4.593,-2.016,4,0.0,-5.13,-2.959,4,0.0,-6.665,-2.98,4,0.0,-7.444,-3.131,4,0.0,-7.967
002202.SZ,10.982,4,75.0,27.614,15.851,2,50.0,80.162,15.741,2,50.0,79.755,15.427,2,50.0,78.604,15.174,2,50.0,77.385,15.097,2,50.0,76.978
002230.SZ,-5.559,6,0.0,-9.113,-5.048,5,0.0,-10.111,-5.698,5,0.0,-11.304,-6.498,5,0.0,-13.103,-6.579,5,0.0,-13.248,-5.016,4,0.0,-11.942
002236.SZ,-2.948,4,25.0,-7.409,-2.886,4,25.0,-6.965,-3.288,4,25.0,-8.574,-4.116,4,25.0,-10.163,-4.25,4,25.0,-10.506,-5.226,4,25.0,-11.948
002241.SZ,3.397,6,33.3,6.159,0.579,4,25.0,1.827,-0.346,4,25.0,-0.438,-1.098,4,25.0,-2.235,-0.352,3,33.3,-0.585,-1.149,3,33.3,-3.028
002304.SZ,-3.079,4,0.0,-7.689,-2.303,4,0.0,-5.314,-2.759,4,0.0,-6.2,-3.361,4,0.0,-8.363,-3.541,4,0.0,-8.688,-3.418,4,0.0,-8.489
002311.SZ,-0.725,7,42.9,-0.95,-3.256,5,0.0,-6.075,-2.013,4,25.0,-4.646,-2.106,4,25.0,-5.275,-2.535,4,25.0,-6.048,-3.317,4,25.0,-7.415
002352.SZ,2.272,2,100.0,10.893,-0.6,1,0.0,-5.807,-0.676,1,0.0,-6.294,0.011,1,100.0,0.213,0.011,1,100.0,0.213,0.011,1,100.0,0.213
002353.SZ,9.94,9,66.7,10.219,23.804,5,20.0,49.234,22.882,5,20.0,48.456,48.045,1,100.0,480.177,48.045,1,100.0,480.177,48.045,1,100.0,480.177
002371.SZ,10.922,7,57.1,16.253,27.609,2,50.0,139.33,27.609,2,50.0,139.33,27.513,2,50.0,138.518,27.26,2,50.0,137.468,27.26,2,50.0,137.468
002384.SZ,45.506,8,25.0,54.803,115.37,3,33.3,391.964,114.823,3,33.3,391.0,114.063,3,33.3,390.11,113.818,3,33.3,389.548,113.212,3,33.3,388.593
002415.SZ,-0.579,5,20.0,-0.857,-0.21,5,20.0,-0.397,-0.552,5,20.0,-0.961,-1.37,5,20.0,-2.577,-1.685,5,20.0,-3.159,-2.127,5,20.0,-4.174
002422.SZ,0.586,9,33.3,1.056,-1.021,7,14.3,-1.096,0.187,6,16.7,0.479,0.181,6,16.7,0.352,4.259,3,33.3,14.79,3.533,3,33.3,12.863
002460.SZ,3.445,4,25.0,11.16,3.458,4,25.0,10.997,7.534,2,50.0,38.944,7.534,2,50.0,38.944,7.534,2,50.0,38.944,7.798,2,50.0,40.106
002463.SZ,23.327,7,28.6,34.096,40.623,4,25.0,105.686,40.331,4,25.0,104.942,43.345,3,33.3,146.112,45.502,2,50.0,237.584,48.023,1,100.0,487.153
002466.SZ,3.996,3,33.3,14.541,4.032,3,33.3,13.087,2.8,3,33.3,9.857,2.567,3,33.3,9.249,2.567,3,33.3,9.249,1.33,3,33.3,7.5
002475.SZ,0.969,8,37.5,2.008,5.536,4,25.0,13.913,6.998,2,50.0,33.973,10.142,1,100.0,99.771,10.142,1,100.0,99.771,10.142,1,100.0,99.771
002493.SZ,0.742,6,50.0,1.804,2.156,5,20.0,4.655,1.51,5,20.0,3.362,0.904,5,20.0,2.291,0.838,5,20.0,1.967,0.101,5,20.0,0.631
002532.SZ,13.624,3,66.7,45.418,14.67,2,50.0,74.813,14.584,2,50.0,73.912,14.584,2,50.0,73.912,14.285,2,50.0,73.011,14.135,2,50.0,72.38
002558.SZ,13.208,6,50.0,22.5,16.868,4,25.0,45.025,16.187,4,25.0,43.941,16.026,4,25.0,43.576,15.329,4,25.0,41.368,15.088,4,25.0,41.034
002594.SZ,-0.879,7,28.6,-1.033,0.925,4,25.0,2.537,0.488,4,25.0,1.51,1.971,2,50.0,10.101,1.73,2,50.0,9.02,1.73,2,50.0,9.02
002600.SZ,-1.86,9,11.1,-1.701,-3.101,8,12.5,-3.107,-2.486,7,14.3,-2.537,4.049,4,25.0,11.492,4.087,4,25.0,11.024,4.972,3,33.3,17.575
002602.SZ,14.228,6,50.0,23.066,26.886,3,33.3,92.483,25.707,3,33.3,90.553,28.302,2,50.0,144.998,27.975,2,50.0,143.834,28.404,2,50.0,145.62
002625.SZ,4.889,6,16.7,8.976,7.678,3,33.3,26.118,7.243,3,33.3,25.021,7.028,3,33.3,24.772,7.045,3,33.3,24.283,6.666,3,33.3,23.231
002648.SZ,-1.151,9,33.3,-0.487,-2.571,7,14.3,-2.714,-2.526,6,16.7,-3.194,-2.591,6,16.7,-4.792,-2.945,6,16.7,-5.942,-1.853,5,20.0,-4.481
002709.SZ,9.316,4,25.0,24.169,8.663,4,25.0,22.633,9.575,3,33.3,34.16,9.258,3,33.3,32.665,9.158,3,33.3,32.362,8.767,3,33.3,31.566
002714.SZ,-0.29,5,40.0,-0.13,-3.26,5,0.0,-6.164,-3.833,5,0.0,-7.223,-4.659,5,0.0,-9.01,-4.926,5,0.0,-9.882,-3.386,5,20.0,-6.927
002736.SZ,-1.265,8,25.0,-1.267,-4.392,8,0.0,-5.297,0.677,5,20.0,2.072,1.073,4,25.0,3.025,0.76,4,25.0,2.057,0.312,4,25.0,0.907
002837.SZ,12.561,4,50.0,35.361,22.971,2,50.0,106.484,22.499,2,50.0,104.659,22.313,2,50.0,103.142,22.114,2,50.0,101.705,21.725,2,50.0,100.507
002916.SZ,6.97,9,33.3,8.386,43.132,4,25.0,112.629,43.136,4,25.0,112.055,41.853,4,25.0,110.332,41.687,4,25.0,110.053,41.005,4,25.0,108.501
002920.SZ,2.449,5,40.0,5.287,-4.642,5,0.0,-9.043,-5.632,5,0.0,-10.692,-6.199,5,0.0,-13.108,-5.723,4,0.0,-14.585,-6.252,4,0.0,-16.153
002938.SZ,20.9,7,28.6,30.379,25.924,4,25.0,65.291,24.979,4,25.0,63.353,24.612,4,25.0,62.317,23.329,4,25.0,60.183,28.858,3,33.3,99.453
003816.SZ,5.703,3,100.0,19.59,4.756,1,100.0,47.659,4.756,1,100.0,47.659,4.756,1,100.0,47.659,4.756,1,100.0,47.659,4.756,1,100.0,47.659
600000.SH,7.744,5,40.0,15.167,4.883,2,50.0,24.597,4.64,2,50.0,23.517,4.64,2,50.0,23.517,4.606,2,50.0,23.517,4.692,2,50.0,23.351
600009.SH,-3.479,4,0.0,-8.311,-2.239,5,0.0,-4.097,-3.59,5,0.0,-6.957,-3.249,4,0.0,-7.909,-3.344,4,0.0,-8.112,-3.609,4,0.0,-8.605
600010.SH,-0.801,4,25.0,-1.522,-2.631,7,14.3,-3.673,-1.235,6,16.7,-1.73,-0.697,4,25.0,-1.257,-0.886,4,25.0,-1.736,-0.834,4,25.0,-1.868
600011.SH,-0.738,7,42.9,-0.311,-1.097,4,25.0,-2.616,-1.56,4,25.0,-3.563,-2.058,4,25.0,-4.984,-2.154,4,25.0,-5.06,-2.106,4,25.0,-5.26
600015.SH,1.014,7,57.1,1.737,7.46,1,100.0,74.895,7.46,1,100.0,74.895,7.46,1,100.0,74.895,7.46,1,100.0,74.895,7.46,1,100.0,74.895
600016.SH,1.692,4,75.0,4.224,2.567,1,100.0,25.77,2.567,1,100.0,25.77,2.567,1,100.0,25.77,2.567,1,100.0,25.77,2.567,1,100.0,25.77
600018.SH,-0.234,5,20.0,-0.461,0.264,2,50.0,1.637,0.264,2,50.0,1.637,0.06,2,50.0,0.636,0.06,2,50.0,0.636,0.121,2,50.0,0.736
600019.SH,-2.869,8,25.0,-3.637,-5.298,8,0.0,-6.519,-5.06,7,0.0,-7.238,-4.867,6,0.0,-8.52,-3.451,4,0.0,-8.785,-4.033,4,0.0,-9.956
600023.SH,1.222,9,22.2,2.12,7.187,1,100.0,72.222,7.187,1,100.0,72.222,7.187,1,100.0,72.222,7.187,1,100.0,72.222,7.187,1,100.0,72.222
600025.SH,0.788,9,66.7,1.108,3.978,2,50.0,19.678,4.118,2,50.0,20.907,4.087,2,50.0,20.683,3.963,2,50.0,20.014,4.439,1,100.0,44.494
600026.SH,4.642,4,75.0,11.615,5.465,3,33.3,17.965,5.299,3,33.3,17.873,5.188,3,33.3,16.321,4.342,3,33.3,15.278,4.531,3,33.3,15.49
600027.SH,-4.553,8,25.0,-5.516,-5.258,7,0.0,-7.358,-4.344,5,0.0,-8.207,-3.96,4,0.0,-9.448,-3.518,3,0.0,-11.622,-3.615,3,0.0,-12.122
600028.SH,-0.375,6,33.3,-0.285,-0.924,2,0.0,-4.569,0.506,1,100.0,5.185,0.506,1,100.0,5.185,0.506,1,100.0,5.185,0.506,1,100.0,5.185
600029.SH,-0.331,6,16.7,-0.414,-4.482,7,0.0,-6.514,-4.363,6,0.0,-7.389,-3.947,5,0.0,-8.062,-4.963,5,0.0,-10.044,-5.396,5,0.0,-11.045
600030.SH,2.067,5,40.0,4.842,4.319,3,33.3,14.989,4.195,3,33.3,14.417,3.975,3,33.3,13.674,3.737,3,33.3,12.848,3.573,3,33.3,12.499
600031.SH,-2.114,8,37.5,-2.281,3.261,2,50.0,16.744,3.261,2,50.0,16.744,3.339,2,50.0,16.619,3.19,2,50.0,15.775,2.938,2,50.0,14.714
600036.SH,-0.048,6,50.0,-0.09,5.062,2,50.0,25.7,4.853,2,50.0,24.49,4.772,2,50.0,23.977,4.92,2,50.0,24.673,4.671,2,50.0,24.069
600039.SH,0.408,7,57.1,0.764,-3.584,5,20.0,-5.211,-4.01,5,20.0,-6.047,-3.998,5,20.0,-6.083,-4.463,5,20.0,-7.078,-4.573,5,20.0,-7.507
600048.SH,-4.78,5,0.0,-9.077,-2.855,4,0.0,-7.618,-3.317,4,0.0,-8.474,-3.654,4,0.0,-9.273,-4.103,4,0.0,-10.283,-3.739,4,0.0,-10.474
600050.SH,-0.91,5,20.0,-1.493,-5.438,8,0.0,-6.605,-5.305,7,0.0,-7.278,-5.732,7,0.0,-7.922,-6.336,7,0.0,-8.885,-6.724,7,0.0,-9.345
600061.SH,2.532,5,40.0,5.262,1.396,2,50.0,6.707,1.243,2,50.0,6.631,1.013,2,50.0,5.345,1.013,2,50.0,5.345,1.074,2,50.0,5.572
600066.SH,10.295,10,30.0,11.354,40.334,1,100.0,402.754,40.334,1,100.0,402.754,40.334,1,100.0,402.754,40.334,1,100.0,402.754,40.334,1,100.0,402.754
600085.SH,-4.705,6,16.7,-7.032,-4.081,7,0.0,-5.843,-4.207,6,0.0,-6.873,-5.158,5,0.0,-8.975,-5.137,5,0.0,-9.066,-5.311,5,0.0,-9.485
600089.SH,2.258,6,33.3,4.159,5.558,5,20.0,11.792,5.028,5,20.0,10.686,4.091,5,20.0,8.946,3.801,5,20.0,8.453,3.603,5,20.0,8.035
600104.SH,0.504,6,50.0,0.96,-1.396,3,0.0,-4.414,-1.55,3,0.0,-5.003,-1.949,3,0.0,-6.258,-2.037,3,0.0,-6.654,-1.617,2,0.0,-7.939
600111.SH,2.402,6,16.7,5.639,5.429,5,20.0,11.805,7.54,3,33.3,22.924,7.445,3,33.3,22.748,7.334,3,33.3,22.172,7.105,3,33.3,21.394
600115.SH,1.147,6,33.3,2.024,-3.18,5,0.0,-5.927,-3.727,5,0.0,-7.186,-2.819,5,0.0,-7.307,-3.128,4,0.0,-7.683,-2.797,3,0.0,-9.115
600118.SH,10.467,4,25.0,27.605,13.402,3,33.3,41.42,13.402,3,33.3,41.42,13.484,3,33.3,41.268,13.213,3,33.3,40.43,12.818,3,33.3,39.48
600150.SH,3.6,5,60.0,7.806,-2.291,4,0.0,-5.653,3.415,1,100.0,35.527,3.415,1,100.0,35.527,3.415,1,100.0,35.527,3.415,1,100.0,35.527
600160.SH,3.922,6,66.7,6.93,6.682,4,25.0,17.784,5.906,4,25.0,15.402,5.532,4,25.0,14.728,15.03,2,50.0,76.277,14.727,2,50.0,75.421
600176.SH,13.21,7,57.1,18.01,24.791,5,20.0,51.332,24.606,5,20.0,50.966,26.659,3,33.3,90.74,26.467,3,33.3,89.805,33.678,2,50.0,170.619
600183.SH,16.88,7,42.9,24.075,58.488,5,20.0,124.372,57.206,5,20.0,122.258,56.005,5,20.0,121.001,55.287,5,20.0,119.852,83.581,3,33.3,285.528
600188.SH,4.906,6,50.0,8.766,5.256,5,20.0,11.045,4.323,5,20.0,9.301,3.861,5,20.0,8.327,8.788,1,100.0,88.991,8.788,1,100.0,88.991
600196.SH,-2.532,5,40.0,-4.279,-2.982,5,20.0,-5.638,-3.213,5,20.0,-5.973,-3.675,5,20.0,-6.93,-2.804,4,25.0,-6.394,-3.022,4,25.0,-6.983
600219.SH,5.675,3,66.7,19.452,9.787,2,50.0,49.337,9.614,2,50.0,48.355,9.614,2,50.0,48.355,9.354,2,50.0,47.569,9.354,2,50.0,47.569
600221.SH,-1.139,5,20.0,-1.711,-0.824,4,25.0,-1.926,-1.211,4,25.0,-2.761,-1.385,4,25.0,-3.353,-1.666,4,25.0,-3.888,-2.029,4,25.0,-5.137
600233.SH,2.668,6,50.0,5.186,5.071,1,100.0,51.436,5.071,1,100.0,51.436,5.071,1,100.0,51.436,5.071,1,100.0,51.436,5.071,1,100.0,51.436
600276.SH,-3.004,10,10.0,-2.624,-0.9,5,20.0,-1.264,-0.401,4,25.0,-0.266,-1.106,4,25.0,-2.334,-1.35,4,25.0,-2.538,-1.735,4,25.0,-3.427
600309.SH,4.134,3,66.7,14.258,1.09,3,33.3,4.104,1.092,3,33.3,3.44,0.818,3,33.3,2.932,0.625,3,33.3,2.652,0.612,3,33.3,2.431
600346.SH,-1.667,5,60.0,-3.05,4.277,1,100.0,43.119,4.277,1,100.0,43.119,4.277,1,100.0,43.119,4.277,1,100.0,43.119,4.277,1,100.0,43.119
600362.SH,9.637,5,40.0,19.527,16.262,3,33.3,55.256,15.993,3,33.3,54.623,15.698,3,33.3,53.845,15.505,3,33.3,53.425,15.362,3,33.3,52.905
600372.SH,-4.548,6,0.0,-7.513,-3.982,7,0.0,-5.581,-4.446,7,0.0,-6.263,-4.102,6,0.0,-6.688,-4.389,6,0.0,-7.319,-4.819,5,0.0,-9.495
600406.SH,-0.886,4,50.0,-1.603,0.515,2,50.0,3.132,0.515,2,50.0,3.132,0.581,2,50.0,2.699,0.431,2,50.0,2.13,0.464,2,50.0,2.403
600415.SH,8.315,5,80.0,17.514,13.313,1,100.0,134.853,13.313,1,100.0,134.853,13.313,1,100.0,134.853,13.313,1,100.0,134.853,13.313,1,100.0,134.853
600426.SH,-1.39,6,50.0,-2.14,-0.79,5,20.0,-1.498,-0.976,5,20.0,-1.883,-1.479,5,20.0,-2.718,-2.032,5,20.0,-3.619,-0.56,4,25.0,-0.887
600436.SH,-2.526,3,0.0,-8.319,-1.721,4,0.0,-4.097,-1.977,4,0.0,-4.744,-1.862,4,0.0,-5.175,-2.538,4,0.0,-6.23,-2.691,4,0.0,-6.576
600438.SH,-2.424,6,16.7,-3.5,-5.505,6,0.0,-8.3,-4.011,4,0.0,-9.891,-4.338,4,0.0,-10.649,-4.755,4,0.0,-11.461,-5.003,4,0.0,-12.479
600460.SH,0.837,3,33.3,3.57,0.535,3,33.3,2.688,0.399,3,33.3,1.87,0.122,3,33.3,0.911,-0.358,3,33.3,-1.025,-0.517,3,33.3,-1.528
600482.SH,1.491,8,37.5,2.834,9.365,1,100.0,93.533,9.365,1,100.0,93.533,9.365,1,100.0,93.533,9.365,1,100.0,93.533,9.365,1,100.0,93.533
600489.SH,7.844,7,42.9,11.146,10.736,3,33.3,37.197,11.588,2,50.0,59.216,11.48,2,50.0,58.234,11.48,2,50.0,58.234,11.48,2,50.0,58.286
600515.SH,-1.057,3,33.3,-3.302,-2.878,4,0.0,-7.129,-2.643,3,0.0,-8.503,-2.857,3,0.0,-9.11,-3.275,3,0.0,-10.126,-3.347,3,0.0,-11.186
600519.SH,-2.373,6,16.7,-3.754,-2.835,8,12.5,-3.218,-2.787,7,14.3,-3.684,-3.146,7,14.3,-4.654,-4.081,7,14.3,-5.811,-4.289,7,14.3,-5.94
600522.SH,1.932,9,22.2,2.982,8.253,7,14.3,12.914,6.92,7,14.3,11.336,7.669,6,16.7,14.537,12.204,3,33.3,42.765,11.688,3,33.3,41.772
600547.SH,7.676,4,75.0,19.081,-3.455,3,0.0,-10.657,-3.482,3,0.0,-10.809,-1.08,3,33.3,-2.783,-1.48,3,33.3,-4.387,-1.547,3,33.3,-4.553
600549.SH,16.154,3,33.3,55.074,20.337,2,50.0,100.848,20.181,2,50.0,100.848,20.015,2,50.0,99.584,19.822,2,50.0,98.733,19.822,2,50.0,98.733
600570.SH,-2.553,4,25.0,-5.978,-3.482,3,0.0,-10.744,-3.681,3,0.0,-12.58,-3.569,3,0.0,-12.701,-4.286,3,0.0,-14.257,-4.34,3,0.0,-14.301
600584.SH,8.374,6,16.7,14.636,6.351,6,16.7,12.302,5.854,6,16.7,11.37,6.974,5,20.0,15.335,11.334,3,33.3,40.066,11.246,3,33.3,39.273
600585.SH,-3.927,6,0.0,-6.46,-3.756,6,0.0,-6.067,-4.209,6,0.0,-6.818,-4.722,6,0.0,-7.869,-5.02,6,0.0,-8.369,-5.609,6,0.0,-9.252
600588.SH,-2.82,4,0.0,-6.576,-3.258,4,0.0,-7.735,-3.77,4,0.0,-9.49,-2.809,2,0.0,-13.803,-3.032,2,0.0,-14.615,-3.594,2,0.0,-18.117
600600.SH,-3.528,6,0.0,-5.929,-3.494,6,0.0,-6.061,-3.461,5,0.0,-6.668,-3.942,5,0.0,-7.636,-4.347,5,0.0,-8.641,-4.965,5,0.0,-9.861
600660.SH,3.941,4,75.0,9.956,8.724,1,100.0,86.633,8.724,1,100.0,86.633,8.724,1,100.0,86.633,8.724,1,100.0,86.633,8.724,1,100.0,86.633
600674.SH,-1.039,9,33.3,-0.84,2.451,1,100.0,24.59,2.451,1,100.0,24.59,2.451,1,100.0,24.59,2.451,1,100.0,24.59,2.451,1,100.0,24.59
600690.SH,-0.73,5,20.0,-0.934,-1.357,3,0.0,-4.302,-1.648,3,0.0,-5.4,-0.31,2,50.0,-1.515,-0.465,2,50.0,-2.24,-0.467,2,50.0,-2.199
600741.SH,-2.527,7,28.6,-3.819,-3.092,6,0.0,-6.247,-3.395,5,0.0,-6.816,-1.218,3,33.3,-3.772,-1.318,3,33.3,-4.316,-1.747,3,33.3,-5.51
600760.SH,0.385,6,50.0,1.168,-3.903,7,0.0,-5.36,-0.939,4,25.0,-1.258,0.336,2,50.0,1.911,0.01,2,50.0,0.482,0.025,2,50.0,0.445
600795.SH,7.69,2,100.0,38.478,5.522,1,100.0,54.15,5.522,1,100.0,54.15,5.522,1,100.0,54.15,5.522,1,100.0,54.15,5.522,1,100.0,54.15
600803.SH,-2.346,8,25.0,-2.368,0.196,3,33.3,1.018,-0.056,3,33.3,0.297,-0.362,3,33.3,-1.987,-0.58,3,33.3,-2.933,-1.175,3,33.3,-3.081
600809.SH,-3.823,6,16.7,-6.256,-3.333,5,0.0,-6.917,-3.846,5,0.0,-7.636,-5.005,5,0.0,-9.581,-5.307,5,0.0,-10.471,-5.915,5,0.0,-11.508
600845.SH,-4.803,7,14.3,-7.296,-6.404,8,0.0,-8.016,-5.05,6,0.0,-8.46,-5.867,6,0.0,-10.163,-6.501,6,0.0,-10.491,-6.965,6,0.0,-11.837
600875.SH,6.82,5,40.0,13.811,4.31,5,20.0,8.95,4.08,5,20.0,8.754,5.66,4,25.0,15.171,5.214,4,25.0,13.975,4.856,4,25.0,13.09
600886.SH,0.597,9,55.6,0.83,4.497,1,100.0,45.077,4.497,1,100.0,45.077,4.497,1,100.0,45.077,4.497,1,100.0,45.077,4.497,1,100.0,45.077
600887.SH,-1.14,3,33.3,-3.256,-1.98,4,0.0,-4.596,-1.113,2,0.0,-5.376,-1.205,2,0.0,-5.782,-1.339,2,0.0,-6.325,-1.492,2,0.0,-6.813
600893.SH,-3.965,6,16.7,-6.343,-5.785,8,0.0,-7.154,-5.523,6,0.0,-8.999,-3.765,3,0.0,-12.849,-3.109,3,0.0,-10.433,-2.173,2,0.0,-8.875
600900.SH,2.732,7,71.4,4.281,5.452,1,100.0,54.624,5.452,1,100.0,54.624,5.452,1,100.0,54.624,5.452,1,100.0,54.624,5.452,1,100.0,54.624
600905.SH,-3.252,7,14.3,-4.6,-1.961,5,0.0,-3.665,-2.292,5,0.0,-4.388,-3.056,5,0.0,-5.76,-3.064,5,0.0,-5.772,-3.537,5,0.0,-7.038
600918.SH,-1.441,6,33.3,-2.295,-2.613,4,0.0,-6.182,-3.199,4,0.0,-7.685,-3.448,4,0.0,-8.599,-3.641,4,0.0,-9.034,-3.936,4,0.0,-9.647
600919.SH,1.025,9,55.6,1.36,9.794,2,50.0,49.106,9.623,2,50.0,48.339,9.548,2,50.0,48.084,9.548,2,50.0,47.828,9.51,2,50.0,47.828
600926.SH,3.53,4,50.0,8.986,8.272,1,100.0,82.825,8.272,1,100.0,82.825,8.272,1,100.0,82.825,8.272,1,100.0,82.825,8.272,1,100.0,82.825
600930.SH,-2.843,3,0.0,-8.697,-2.275,3,0.0,-7.258,-2.35,3,0.0,-7.515,-2.91,3,0.0,-9.625,-3.044,3,0.0,-9.809,-3.408,3,0.0,-11.17
600938.SH,6.451,7,57.1,9.246,13.356,1,100.0,132.151,13.356,1,100.0,132.151,13.356,1,100.0,132.151,13.356,1,100.0,132.151,13.356,1,100.0,132.151
600941.SH,-3.208,8,37.5,-3.873,-4.432,7,0.0,-6.077,0.155,2,50.0,1.016,-0.008,2,50.0,0.319,0.014,2,50.0,0.288,1.635,1,100.0,16.459
600958.SH,1.507,6,50.0,2.773,-0.852,5,20.0,-1.564,-0.693,4,25.0,-1.545,-0.995,4,25.0,-2.2,-1.187,4,25.0,-2.58,-1.467,4,25.0,-3.62
600989.SH,1.725,8,25.0,3.012,8.549,1,100.0,85.598,8.549,1,100.0,85.598,8.549,1,100.0,85.598,8.549,1,100.0,85.598,8.549,1,100.0,85.598
600999.SH,1.188,7,57.1,2.107,1.79,4,25.0,4.523,1.413,4,25.0,3.831,1.121,4,25.0,3.201,0.855,4,25.0,2.384,0.819,4,25.0,2.384
601006.SH,-2.924,5,20.0,-5.613,-1.8,3,0.0,-5.565,-1.781,3,0.0,-5.501,-2.171,3,0.0,-6.778,-2.266,3,0.0,-7.035,-1.941,3,0.0,-6.153
601009.SH,2.745,5,40.0,5.688,6.917,1,100.0,68.861,6.917,1,100.0,68.861,6.917,1,100.0,68.861,6.917,1,100.0,68.861,6.917,1,100.0,68.861
601012.SH,-1.891,3,33.3,-6.177,-2.625,3,0.0,-8.367,-3.133,3,0.0,-10.238,-3.163,3,0.0,-10.278,-4.091,3,0.0,-11.943,-4.567,3,0.0,-15.347
601018.SH,-3.947,6,0.0,-6.38,-3.225,5,0.0,-6.247,-3.312,5,0.0,-6.598,-3.366,5,0.0,-6.823,-0.253,2,50.0,-1.363,-0.253,2,50.0,-0.962
601021.SH,-4.242,8,12.5,-5.601,-4.258,8,0.0,-5.595,-3.396,5,0.0,-6.832,-3.582,5,0.0,-7.945,-4.296,5,0.0,-9.461,-4.837,5,0.0,-9.957
601058.SH,-2.535,10,40.0,-1.308,2.961,1,100.0,29.651,2.961,1,100.0,29.651,2.961,1,100.0,29.651,2.961,1,100.0,29.651,2.961,1,100.0,29.651
601059.SH,-4.59,8,12.5,-5.578,-6.01,7,0.0,-9.464,-6.994,7,0.0,-9.982,-6.15,6,0.0,-10.587,-7.252,6,0.0,-12.694,-7.46,6,0.0,-12.867
601066.SH,1.628,6,50.0,3.302,2.812,3,33.3,9.978,2.703,3,33.3,9.086,2.317,3,33.3,8.034,2.118,3,33.3,7.57,2.028,3,33.3,6.903
601077.SH,3.518,9,66.7,4.584,16.166,1,100.0,161.765,16.166,1,100.0,161.765,16.166,1,100.0,161.765,16.166,1,100.0,161.765,16.166,1,100.0,161.765
601088.SH,7.155,6,83.3,12.019,7.754,3,33.3,26.589,11.634,1,100.0,116.504,11.634,1,100.0,116.504,11.634,1,100.0,116.504,11.634,1,100.0,116.504
601100.SH,-0.12,7,42.9,-0.017,7.597,4,25.0,19.251,6.686,4,25.0,18.023,6.271,4,25.0,17.168,6.02,4,25.0,16.53,5.815,4,25.0,15.272
601111.SH,-2.126,6,16.7,-3.559,-3.217,5,0.0,-6.679,-4.278,5,0.0,-8.879,-4.883,5,0.0,-10.002,-5.113,5,0.0,-10.552,-5.136,5,0.0,-10.267
601117.SH,-2.784,7,28.6,-3.514,-3.031,5,20.0,-5.714,-3.594,5,20.0,-6.864,-4.043,5,20.0,-7.93,-4.565,5,20.0,-8.759,-4.174,4,25.0,-10.124
601127.SH,-2.5,6,33.3,-4.05,-5.673,4,0.0,-13.542,-6.338,4,0.0,-15.252,-3.709,2,0.0,-17.951,-4.098,2,0.0,-19.024,-3.956,3,0.0,-17.697
601136.SH,-5.91,7,14.3,-8.206,-6.61,7,0.0,-9.566,-7.398,7,0.0,-10.765,-7.628,7,0.0,-11.635,-7.204,6,0.0,-12.26,-8.406,6,0.0,-14.67
601138.SH,14.888,5,40.0,33.064,19.467,4,25.0,52.302,17.93,4,25.0,51.579,15.559,4,25.0,46.107,19.09,3,33.3,68.492,18.752,3,33.3,67.986
601166.SH,-4.638,10,30.0,-3.964,2.966,4,25.0,7.743,2.763,4,25.0,7.277,2.546,4,25.0,6.716,2.531,4,25.0,6.395,2.964,3,33.3,10.096
601169.SH,0.216,9,33.3,0.432,5.591,1,100.0,55.84,5.591,1,100.0,55.84,5.591,1,100.0,55.84,5.591,1,100.0,55.84,5.591,1,100.0,55.84
601186.SH,-2.898,4,25.0,-7.013,-3.686,6,0.0,-6.032,-2.824,4,0.0,-6.948,-3.819,4,0.0,-8.978,-3.318,4,0.0,-9.687,-3.895,4,0.0,-9.612
601211.SH,2.553,5,60.0,5.594,2.905,3,33.3,9.846,2.472,3,33.3,8.581,3.345,2,50.0,17.538,3.141,2,50.0,16.402,3.141,2,50.0,16.402
601225.SH,-1.41,9,33.3,-1.102,6.133,3,33.3,20.967,6.533,2,50.0,33.637,5.883,2,50.0,30.78,5.883,2,50.0,30.78,5.883,2,50.0,30.78
601229.SH,5.161,5,80.0,10.462,8.055,3,33.3,27.134,11.591,1,100.0,116.009,11.591,1,100.0,116.009,11.591,1,100.0,116.009,11.591,1,100.0,116.009
601238.SH,-4.253,7,0.0,-6.689,-3.455,9,0.0,-4.714,-4.708,8,0.0,-5.683,-4.681,7,0.0,-6.514,-5.019,7,0.0,-7.442,-4.714,7,0.0,-7.054
601288.SH,10.37,5,80.0,20.474,19.734,1,100.0,197.438,19.734,1,100.0,197.438,19.734,1,100.0,197.438,19.734,1,100.0,197.438,19.734,1,100.0,197.438
601318.SH,1.679,6,50.0,3.445,2.658,4,25.0,6.92,1.861,4,25.0,5.123,1.634,4,25.0,4.876,1.691,4,25.0,4.859,1.475,4,25.0,4.439
601319.SH,1.905,8,37.5,3.181,3.841,3,33.3,13.362,3.626,3,33.3,12.737,3.647,3,33.3,12.599,3.96,2,50.0,20.249,3.96,2,50.0,20.249
601328.SH,2.317,9,33.3,2.922,8.628,1,100.0,86.375,8.628,1,100.0,86.375,8.628,1,100.0,86.375,8.628,1,100.0,86.375,8.628,1,100.0,86.375
601336.SH,9.304,4,75.0,22.838,9.039,3,33.3,31.14,8.507,3,33.3,29.76,8.659,3,33.3,29.682,8.194,3,33.3,29.36,7.953,3,33.3,28.161
601360.SH,-1.979,4,25.0,-4.806,0.335,2,50.0,1.907,0.335,2,50.0,1.907,0.301,2,50.0,1.407,0.066,2,50.0,0.13,0.178,2,50.0,1.019
601377.SH,-0.248,6,33.3,-0.243,-0.538,4,25.0,-1.085,-0.811,4,25.0,-1.849,-1.041,4,25.0,-2.388,-1.04,4,25.0,-2.504,-1.196,4,25.0,-2.977
601390.SH,-3.081,5,20.0,-6.491,-3.154,6,0.0,-5.678,-3.874,6,0.0,-6.799,-4.647,6,0.0,-7.701,-5.237,6,0.0,-8.955,-5.005,6,0.0,-8.705
601398.SH,3.847,7,57.1,6.203,12.869,1,100.0,128.792,12.869,1,100.0,128.792,12.869,1,100.0,128.792,12.869,1,100.0,128.792,12.869,1,100.0,128.792
601456.SH,-0.758,6,33.3,-1.142,-2.891,5,0.0,-5.953,-3.882,5,0.0,-7.815,-4.725,5,0.0,-8.988,-4.805,5,0.0,-9.395,-4.198,4,0.0,-10.561
601600.SH,8.609,7,28.6,15.235,6.104,4,25.0,16.325,6.515,3,33.3,23.378,6.295,3,33.3,22.515,6.18,3,33.3,22.045,7.549,2,50.0,39.46
601601.SH,-1.896,8,37.5,-2.181,-0.242,4,25.0,-0.43,-1.77,4,25.0,-3.818,-2.064,4,25.0,-4.401,-2.293,4,25.0,-5.042,-2.577,4,25.0,-5.771
601607.SH,-2.895,7,14.3,-4.117,-2.059,5,0.0,-3.917,-2.201,5,0.0,-4.184,-2.722,5,0.0,-5.133,-2.117,4,0.0,-4.88,-2.164,4,0.0,-5.289
601618.SH,-5.56,8,12.5,-6.682,-3.965,7,0.0,-5.372,-5.252,7,0.0,-7.262,-5.099,7,0.0,-7.332,-4.752,6,0.0,-7.877,-5.924,6,0.0,-9.963
601628.SH,-2.486,8,37.5,-2.583,-0.898,4,25.0,-1.752,-1.084,4,25.0,-2.043,-1.297,4,25.0,-2.672,-1.58,4,25.0,-3.808,-0.741,3,33.3,-2.141
601633.SH,-3.748,6,33.3,-6.428,-3.92,6,0.0,-5.838,-3.994,5,0.0,-7.23,-4.747,5,0.0,-9.864,-3.993,4,0.0,-10.154,-4.206,4,0.0,-10.8
601658.SH,-2.707,6,0.0,-4.503,-4.568,10,0.0,-4.512,1.493,2,50.0,7.803,1.567,2,50.0,8.288,1.517,2,50.0,7.803,1.419,2,50.0,7.44
601668.SH,-0.542,3,66.7,-1.92,-2.767,5,0.0,-5.593,-2.715,4,0.0,-6.678,-2.974,4,0.0,-7.529,-3.477,4,0.0,-8.671,-1.982,2,0.0,-9.812
601669.SH,-0.307,5,40.0,-0.359,-2.765,6,0.0,-4.564,-1.921,4,25.0,-5.017,-2.812,4,25.0,-6.955,-2.915,4,25.0,-7.271,-3.181,4,25.0,-7.92
601688.SH,6.371,7,42.9,9.52,6.029,2,50.0,30.018,5.724,2,50.0,28.501,5.724,2,50.0,28.501,7.097,1,100.0,71.071,7.097,1,100.0,71.071
601689.SH,3.458,3,33.3,12.186,0.668,2,50.0,4.114,0.586,2,50.0,3.219,0.596,2,50.0,1.766,0.276,2,50.0,0.878,-0.172,2,50.0,-0.451
601698.SH,2.51,3,66.7,8.581,4.213,2,50.0,21.321,4.04,2,50.0,20.475,3.944,2,50.0,20.039,3.96,2,50.0,20.168,3.691,2,50.0,18.937
601727.SH,4.669,7,42.9,7.138,4.219,5,20.0,8.971,4.896,4,25.0,12.617,4.692,4,25.0,12.35,5.493,3,33.3,18.885,5.42,3,33.3,18.662
601728.SH,-5.154,8,0.0,-6.117,0.685,3,33.3,3.097,0.424,3,33.3,2.289,-0.268,3,33.3,-0.392,-0.191,3,33.3,-0.263,-0.613,3,33.3,-1.394
601766.SH,3.676,3,100.0,12.636,0.963,2,50.0,5.339,0.963,2,50.0,4.979,0.853,2,50.0,4.798,0.761,2,50.0,4.256,0.486,2,50.0,2.632
601788.SH,2.059,4,75.0,5.633,-2.8,6,0.0,-4.566,-0.671,3,33.3,-2.031,-1.27,3,33.3,-3.686,-1.27,3,33.3,-3.686,-1.41,3,33.3,-4.485
601800.SH,-4.203,7,14.3,-5.655,-4.599,7,0.0,-6.058,-6.007,7,0.0,-8.293,-5.842,6,0.0,-9.349,-6.611,6,0.0,-10.484,-6.881,6,0.0,-11.312
601816.SH,-1.179,5,40.0,-2.204,-1.538,3,0.0,-4.806,-1.864,3,0.0,-5.909,-1.988,3,0.0,-6.469,-0.981,3,33.3,-3.147,-1.438,3,33.3,-4.396
601818.SH,1.266,5,60.0,2.979,1.015,3,33.3,3.455,0.733,3,33.3,2.522,1.519,2,50.0,7.771,1.519,2,50.0,7.771,1.477,2,50.0,7.361
601825.SH,-1.279,8,37.5,-1.19,4.456,5,20.0,9.601,4.711,4,25.0,12.213,4.361,4,25.0,11.327,4.222,4,25.0,10.885,4.424,3,33.3,15.075
601838.SH,5.436,5,80.0,10.877,8.69,1,100.0,87.001,8.69,1,100.0,87.001,8.69,1,100.0,87.001,8.69,1,100.0,87.001,8.69,1,100.0,87.001
601857.SH,6.489,4,75.0,16.967,11.801,1,100.0,119.087,11.801,1,100.0,119.087,11.801,1,100.0,119.087,11.801,1,100.0,119.087,11.801,1,100.0,119.087
601868.SH,-0.199,5,60.0,-0.278,-1.793,7,14.3,-2.381,-1.363,5,20.0,-2.618,-1.561,5,20.0,-3.198,0.922,2,50.0,5.076,0.843,2,50.0,4.687
601872.SH,12.691,7,42.9,17.58,13.248,5,20.0,28.256,13.088,5,20.0,27.911,14.216,4,25.0,37.25,14.163,4,25.0,36.847,17.306,2,50.0,88.002
601877.SH,-0.415,5,20.0,-0.687,-0.712,4,25.0,-1.676,-0.867,4,25.0,-2.163,-1.14,4,25.0,-3.079,-0.853,4,25.0,-2.024,-1.314,4,25.0,-2.795
601878.SH,-0.512,4,25.0,-1.545,-5.072,8,0.0,-6.49,-2.861,5,0.0,-5.708,-2.407,4,0.0,-6.001,-2.343,3,0.0,-7.668,-1.473,2,0.0,-7.247
601881.SH,1.908,6,33.3,3.962,3.469,1,100.0,34.756,3.469,1,100.0,34.756,3.469,1,100.0,34.756,3.469,1,100.0,34.756,3.469,1,100.0,34.756
601888.SH,-2.95,4,25.0,-6.872,-3.139,4,0.0,-7.639,-3.5,4,0.0,-8.176,-4.024,4,0.0,-9.673,-4.299,4,0.0,-10.721,-4.811,4,0.0,-11.922
601898.SH,2.949,7,42.9,5.15,9.308,1,100.0,92.788,9.308,1,100.0,92.788,9.308,1,100.0,92.788,9.308,1,100.0,92.788,9.308,1,100.0,92.788
601899.SH,9.91,6,50.0,16.922,12.81,4,25.0,33.394,12.677,4,25.0,32.913,12.341,4,25.0,32.425,16.065,3,33.3,55.333,16.152,3,33.3,54.83
601901.SH,-6.685,9,11.1,-7.441,-5.159,8,0.0,-6.129,-6.233,8,0.0,-7.802,-6.928,7,0.0,-10.062,-7.224,7,0.0,-10.607,-8.367,7,0.0,-12.077
601916.SH,0.524,6,33.3,1.071,3.18,3,33.3,10.676,2.736,3,33.3,9.402,2.736,3,33.3,9.244,3.027,2,50.0,15.616,2.875,2,50.0,14.881
601919.SH,7.439,6,50.0,13.34,12.751,1,100.0,127.612,12.751,1,100.0,127.612,12.751,1,100.0,127.612,12.751,1,100.0,127.612,12.751,1,100.0,127.612
601939.SH,4.021,8,75.0,5.337,13.058,1,100.0,130.978,13.058,1,100.0,130.978,13.058,1,100.0,130.978,13.058,1,100.0,130.978,13.058,1,100.0,130.978
601985.SH,-0.661,7,42.9,-0.226,4.336,1,100.0,43.531,4.336,1,100.0,43.531,4.336,1,100.0,43.531,4.336,1,100.0,43.531,4.336,1,100.0,43.531
601988.SH,6.068,5,80.0,12.456,13.574,1,100.0,135.84,13.574,1,100.0,135.84,13.574,1,100.0,135.84,13.574,1,100.0,135.84,13.574,1,100.0,135.84
601995.SH,-0.171,4,50.0,-0.436,1.603,2,50.0,8.177,1.513,2,50.0,7.82,1.529,2,50.0,8.116,1.518,2,50.0,7.82,1.362,2,50.0,6.895
601998.SH,2.477,7,57.1,4.0,8.61,1,100.0,85.785,8.61,1,100.0,85.785,8.61,1,100.0,85.785,8.61,1,100.0,85.785,8.61,1,100.0,85.785
603019.SH,-0.32,6,50.0,0.687,3.746,4,25.0,7.917,2.576,4,25.0,6.553,2.465,4,25.0,6.406,1.269,4,25.0,3.224,1.269,4,25.0,3.224
603259.SH,4.785,9,44.4,6.191,27.592,3,33.3,95.439,27.443,3,33.3,94.96,27.108,3,33.3,94.27,26.819,3,33.3,92.506,26.961,3,33.3,92.506
603260.SH,-1.282,4,25.0,-2.954,-1.817,3,0.0,-5.929,-1.976,3,0.0,-6.282,-2.119,3,0.0,-6.987,-2.702,3,0.0,-9.145,-2.823,3,0.0,-9.62
603288.SH,-0.828,6,16.7,-0.933,-3.926,7,0.0,-5.4,-1.733,4,0.0,-5.092,-0.518,2,50.0,-1.85,-0.518,2,50.0,-1.85,-0.544,2,50.0,-2.52
603296.SH,6.843,5,40.0,16.685,8.922,4,25.0,23.38,8.333,4,25.0,21.875,7.982,4,25.0,21.387,7.539,4,25.0,19.665,6.57,4,25.0,17.584
603369.SH,-2.128,6,33.3,-3.6,-3.449,6,0.0,-5.496,-3.838,6,0.0,-6.259,-4.308,6,0.0,-7.127,-4.877,6,0.0,-8.146,-5.486,6,0.0,-9.089
603392.SH,0.468,3,33.3,2.13,-1.966,2,0.0,-9.287,-2.249,2,0.0,-10.843,-2.494,2,0.0,-11.841,-2.881,2,0.0,-13.591,-3.158,2,0.0,-14.822
603501.SH,-4.778,8,25.0,-6.062,-4.32,5,0.0,-8.214,-4.782,5,0.0,-9.357,-5.314,5,0.0,-10.886,-6.011,5,0.0,-12.312,-6.191,5,0.0,-12.755
603799.SH,8.934,3,66.7,30.877,8.314,2,50.0,41.71,8.161,2,50.0,40.633,7.995,2,50.0,39.699,7.995,2,50.0,39.699,7.54,2,50.0,37.975
603893.SH,-0.148,9,22.2,0.197,9.694,5,20.0,19.932,9.854,4,25.0,25.455,9.643,4,25.0,24.705,8.512,4,25.0,22.916,7.884,4,25.0,20.877
603986.SH,19.048,7,42.9,28.795,16.43,8,12.5,21.967,29.399,5,20.0,62.962,28.067,5,20.0,61.04,27.696,5,20.0,60.343,26.73,5,20.0,58.758
603993.SH,18.218,6,33.3,31.849,25.892,4,25.0,66.278,25.48,3,33.3,88.552,25.289,3,33.3,87.924,25.31,3,33.3,87.357,24.764,3,33.3,86.674
605117.SH,4.511,7,42.9,7.831,15.303,3,33.3,54.074,17.98,2,50.0,87.829,17.875,2,50.0,86.822,16.329,2,50.0,81.972,16.329,2,50.0,81.972
605499.SH,4.32,5,60.0,9.217,1.58,2,50.0,8.141,1.388,2,50.0,7.368,1.232,2,50.0,6.804,1.014,2,50.0,5.691,2.59,1,100.0,25.65
688008.SH,8.614,8,25.0,12.557,16.574,4,25.0,41.9,15.388,4,25.0,40.639,15.059,4,25.0,38.7,24.565,3,33.3,86.823,24.219,3,33.3,85.335
688009.SH,-1.435,7,28.6,-1.869,1.253,2,50.0,6.539,1.025,2,50.0,5.414,0.921,2,50.0,4.903,0.776,2,50.0,4.085,0.569,2,50.0,3.165
688012.SH,7.687,7,28.6,10.974,12.66,6,16.7,22.509,11.965,6,16.7,21.615,11.548,5,20.0,24.628,10.878,5,20.0,23.831,10.427,5,20.0,22.806
688036.SH,-2.259,9,22.2,-3.155,-3.543,3,0.0,-11.884,-3.902,3,0.0,-13.639,-4.322,3,0.0,-14.16,-5.193,4,0.0,-17.167,-5.202,3,0.0,-17.227
688041.SH,13.89,5,40.0,28.945,35.495,2,50.0,183.459,35.092,2,50.0,182.57,35.305,2,50.0,181.974,34.09,2,50.0,178.462,34.09,2,50.0,178.462
688047.SH,-7.492,7,0.0,-10.21,-6.201,4,0.0,-15.791,-7.298,4,0.0,-16.81,-2.307,3,33.3,-6.836,-2.35,3,33.3,-6.981,-2.72,3,33.3,-8.385
688072.SH,23.843,7,28.6,36.311,21.467,6,16.7,36.626,23.335,5,20.0,49.268,24.622,4,25.0,64.555,23.578,4,25.0,62.498,22.873,4,25.0,61.393
688082.SH,8.792,6,33.3,15.659,16.231,4,25.0,41.908,15.839,4,25.0,40.399,24.864,2,50.0,126.136,24.317,2,50.0,123.76,24.317,2,50.0,123.76
688111.SH,-5.781,6,0.0,-9.103,-6.12,5,0.0,-12.843,-5.187,4,0.0,-12.753,-4.768,3,0.0,-15.529,-5.006,3,0.0,-17.674,-5.184,3,0.0,-18.011
688126.SH,-6.774,8,12.5,-8.165,-8.966,8,0.0,-11.484,-6.978,6,0.0,-12.173,-7.523,6,0.0,-13.03,-8.72,6,0.0,-14.789,5.343,2,50.0,28.026
688183.SH,35.666,4,50.0,83.541,116.967,2,50.0,600.441,116.705,2,50.0,599.88,117.482,2,50.0,601.938,117.482,2,50.0,601.938,117.278,2,50.0,601.47
688223.SH,-6.89,7,0.0,-9.363,-6.06,7,0.0,-8.675,-6.949,7,0.0,-10.114,-7.593,6,0.0,-11.949,-7.592,5,0.0,-15.547,-7.718,5,0.0,-16.085
688256.SH,5.852,9,44.4,7.642,67.126,4,25.0,178.017,65.669,4,25.0,175.617,64.73,4,25.0,174.118,62.751,4,25.0,172.698,62.986,4,25.0,171.823
688271.SH,-0.817,6,16.7,-1.886,-2.3,4,0.0,-5.45,-2.869,4,0.0,-6.674,-3.261,4,0.0,-8.41,-3.451,4,0.0,-8.868,-4.222,4,0.0,-11.192
688303.SH,-2.281,4,25.0,-4.779,-2.969,4,0.0,-7.41,-3.151,3,0.0,-9.908,-3.183,3,0.0,-10.086,-3.622,3,0.0,-12.029,-4.712,3,0.0,-15.554
688396.SH,-5.114,8,12.5,-6.513,-7.529,9,0.0,-9.134,-7.542,9,0.0,-8.44,-8.338,9,0.0,-9.645,-8.917,9,0.0,-10.047,-3.622,6,16.7,-5.895
688472.SH,7.615,3,66.7,24.958,-1.818,3,33.3,-5.899,-1.946,3,33.3,-6.264,-1.909,3,33.3,-6.203,-2.736,3,33.3,-8.936,-2.736,3,33.3,-8.936
688506.SH,5.698,8,37.5,9.006,13.893,3,33.3,48.887,13.943,3,33.3,48.296,20.157,2,50.0,104.059,19.935,2,50.0,102.985,19.648,2,50.0,101.966
688521.SH,13.453,6,33.3,22.306,19.35,5,20.0,40.541,31.053,3,33.3,104.101,30.8,3,33.3,103.491,30.625,3,33.3,102.724,30.396,3,33.3,102.366
688981.SH,-4.177,9,11.1,-4.355,-0.053,7,14.3,0.206,1.306,5,20.0,3.173,0.841,5,20.0,2.282,0.64,5,20.0,1.578,0.158,5,20.0,0.694
