code,total_return_A_V17基准,n_trades_A_V17基准,win_rate_A_V17基准,avg_ret_per_trade_A_V17基准,blocked_A_V17基准,total_return_B_DMI严格,n_trades_B_DMI严格,win_rate_B_DMI严格,avg_ret_per_trade_B_DMI严格,blocked_B_DMI严格,total_return_C_ADX分档,n_trades_C_ADX分档,win_rate_C_ADX分档,avg_ret_per_trade_C_ADX分档,blocked_C_ADX分档
601018.SH,-3.947,6,0.0,-6.675,0,-4.203,6,0.0,-7.142,6,-2.491,6,0.0,-7.142,6
600930.SH,-2.843,3,0.0,-9.663,0,-2.843,3,0.0,-9.663,0,-2.445,3,0.0,-9.663,0
600522.SH,2.886,8,12.5,-5.162,0,3.942,7,14.286,-4.458,1,2.026,7,14.286,-4.458,1
002625.SZ,4.026,7,14.286,6.214,0,5.926,5,20.0,12.324,2,2.719,5,20.0,12.324,2
002384.SZ,45.506,8,25.0,57.232,0,43.751,7,28.571,63.577,4,21.218,7,28.571,63.577,4
688047.SH,-8.893,8,0.0,-10.964,0,-8.372,9,0.0,-9.523,1,-6.067,9,0.0,-9.523,1
601825.SH,-1.126,10,40.0,-1.059,0,-2.477,11,36.364,-2.207,1,-2.072,11,36.364,-2.207,1
601077.SH,4.002,9,66.667,4.412,0,4.042,7,71.429,5.708,7,2.457,7,71.429,5.708,7
002600.SZ,-2.173,10,10.0,-2.047,0,-3.095,10,10.0,-3.004,5,-2.785,10,10.0,-3.004,5
001391.SZ,-0.898,1,0.0,-8.998,0,0.0,0,0,0,1,0.0,0,0,0,1
601058.SH,-1.894,9,44.444,-1.432,0,-0.684,8,50.0,-0.154,10,-0.898,8,50.0,-0.154,10
600066.SH,10.912,10,30.0,11.205,0,11.561,8,37.5,14.469,3,6.46,8,37.5,14.469,3
600160.SH,3.922,5,60.0,0.444,0,3.922,5,60.0,0.444,0,1.89,5,60.0,0.444,0
601127.SH,-2.5,6,33.333,-4.336,0,-2.117,6,16.667,-3.335,4,-2.728,6,16.667,-3.335,4
600482.SH,1.491,7,28.571,-1.753,0,-0.3,7,14.286,-4.316,7,0.414,7,14.286,-4.316,7
002463.SZ,20.764,8,12.5,-1.182,0,22.272,7,14.286,0.428,2,16.991,7,14.286,0.428,2
601136.SH,-5.91,7,0.0,-8.67,0,-5.075,6,0.0,-8.636,1,-3.289,6,0.0,-8.636,1
688472.SH,7.615,3,66.667,24.854,0,8.478,2,100.0,41.271,2,4.203,2,100.0,41.271,2
688506.SH,4.597,9,33.333,5.332,0,0.403,9,33.333,0.741,5,-1.437,9,33.333,0.741,5
000630.SZ,1.691,9,22.222,2.16,0,1.98,8,25.0,2.637,5,0.795,8,25.0,2.637,5
000975.SZ,0.497,8,50.0,0.665,0,0.497,8,50.0,0.665,0,0.382,8,50.0,0.665,0
002028.SZ,14.74,5,40.0,5.052,0,11.986,5,40.0,1.54,9,5.979,5,40.0,1.54,9
002422.SZ,0.586,8,25.0,-4.379,0,-0.319,8,25.0,-5.506,4,0.103,8,25.0,-5.506,4
000999.SZ,-5.401,7,0.0,-7.708,0,-5.508,7,0.0,-7.708,1,-2.956,7,0.0,-7.708,1
002466.SZ,3.996,3,33.333,13.533,0,4.718,2,50.0,23.826,1,2.133,2,50.0,23.826,1
002371.SZ,10.897,6,50.0,-0.394,0,10.829,5,60.0,-0.649,7,5.681,5,60.0,-0.649,7
002311.SZ,-0.071,7,42.857,-0.015,0,1.171,5,60.0,2.377,4,0.728,5,60.0,2.377,4
002460.SZ,5.175,3,33.333,-5.68,0,4.381,1,0.0,-10.441,8,2.205,1,0.0,-10.441,8
002352.SZ,2.272,2,100.0,11.335,0,0.811,2,50.0,4.093,8,0.408,2,50.0,4.093,8
000166.SZ,-0.303,5,40.0,-0.113,0,-2.345,5,40.0,-4.256,8,-1.169,5,40.0,-4.256,8
002415.SZ,-0.579,4,0.0,-8.171,0,0.376,3,0.0,-7.727,2,-0.368,3,0.0,-7.727,2
002304.SZ,-3.079,4,0.0,-7.772,0,-2.306,3,0.0,-7.738,1,-1.271,3,0.0,-7.738,1
688271.SH,-0.817,6,33.333,-1.383,0,-0.149,5,40.0,-0.286,1,-0.276,5,40.0,-0.286,1
002648.SZ,-1.747,9,11.111,-2.04,0,-0.769,8,12.5,-0.893,4,0.31,8,12.5,-0.893,4
002709.SZ,9.316,3,0.0,-7.315,0,9.056,2,0.0,-8.315,2,4.572,2,0.0,-8.315,2
000301.SZ,1.225,3,0.0,-6.897,0,3.2,1,0.0,-1.5,3,1.601,1,0.0,-1.5,3
002493.SZ,0.742,5,40.0,1.221,0,-0.473,5,40.0,-0.883,4,0.109,5,40.0,-0.883,4
002475.SZ,1.659,7,28.571,-3.572,0,2.659,6,33.333,-2.605,5,2.615,6,33.333,-2.605,5
002594.SZ,-0.879,7,28.571,-1.134,0,1.102,4,25.0,2.9,7,1.353,4,25.0,2.9,7
605117.SH,5.779,7,42.857,8.27,0,5.945,6,50.0,9.862,2,2.194,6,50.0,9.862,2
605499.SH,4.32,5,60.0,8.628,0,5.168,4,75.0,12.784,3,2.632,4,75.0,12.784,3
000338.SZ,8.705,7,71.429,12.607,0,8.67,6,66.667,14.656,7,6.931,6,66.667,14.656,7
002179.SZ,-3.748,6,16.667,-6.369,0,-5.573,7,0.0,-8.151,9,-3.335,7,0.0,-8.151,9
002230.SZ,-5.559,6,0.0,-9.5,0,-4.131,5,0.0,-8.465,7,-3.196,5,0.0,-8.465,7
002236.SZ,-2.948,4,25.0,-7.438,0,-2.948,4,25.0,-7.438,0,-2.672,4,25.0,-7.438,0
002241.SZ,3.397,6,33.333,5.856,0,2.905,6,33.333,5.032,3,1.485,6,33.333,5.032,3
000157.SZ,-2.423,9,44.444,-2.709,0,-3.94,8,0.0,-5.008,9,-2.47,8,0.0,-5.008,9
002142.SZ,-2.829,6,33.333,-4.647,0,-3.214,5,20.0,-6.366,3,-2.511,5,20.0,-6.366,3
601872.SH,12.691,6,33.333,5.507,0,12.155,3,66.667,17.847,8,5.755,3,66.667,17.847,8
000792.SZ,3.138,4,0.0,-6.713,0,4.365,3,0.0,-5.017,2,2.043,3,0.0,-5.017,2
601898.SH,2.281,8,37.5,3.139,0,2.351,7,42.857,3.696,4,0.924,7,42.857,3.696,4
002916.SZ,6.97,8,25.0,5.35,0,7.375,7,28.571,6.646,5,5.024,7,28.571,6.646,5
002714.SZ,-0.29,5,40.0,-0.465,0,0.961,4,50.0,2.518,1,0.226,4,50.0,2.518,1
002736.SZ,-1.539,8,25.0,-1.639,0,-0.229,7,28.571,-0.332,6,0.196,7,28.571,-0.332,6
688981.SH,-4.362,9,11.111,-4.914,0,-4.67,9,11.111,-5.273,1,-3.589,9,11.111,-5.273,1
688396.SH,-5.64,9,11.111,-6.358,0,-5.058,8,12.5,-6.432,6,-3.745,8,12.5,-6.432,6
000977.SZ,-0.827,6,16.667,-1.243,0,-2.806,6,16.667,-4.638,5,-1.702,6,16.667,-4.638,5
000938.SZ,1.216,4,0.0,-11.081,0,2.391,3,0.0,-10.419,3,0.161,3,0.0,-10.419,3
000963.SZ,-3.63,7,28.571,-4.957,0,-3.465,6,33.333,-5.53,3,-1.906,6,33.333,-5.53,3
000063.SZ,-4.098,7,14.286,-5.954,0,-3.38,6,16.667,-5.705,1,-2.236,6,16.667,-5.705,1
000895.SZ,-0.026,5,40.0,-0.051,0,-0.409,5,40.0,-0.805,6,-0.203,5,40.0,-0.805,6
601916.SH,0.561,6,33.333,0.997,0,1.365,5,40.0,2.746,5,0.557,5,40.0,2.746,5
601995.SH,-0.171,3,33.333,1.275,0,-0.171,3,33.333,1.275,0,-0.306,3,33.333,1.275,0
601985.SH,-0.661,6,50.0,-0.918,0,0.914,4,75.0,2.297,12,0.877,4,75.0,2.297,12
601919.SH,7.439,5,40.0,13.928,0,3.01,6,33.333,4.352,13,1.239,6,33.333,4.352,13
601901.SH,-6.685,9,11.111,-7.548,0,-6.371,8,12.5,-8.068,1,-3.893,8,12.5,-8.068,1
601939.SH,4.021,7,71.429,4.233,0,2.729,7,71.429,2.417,8,2.153,7,71.429,2.417,8
601988.SH,6.068,4,75.0,14.182,0,5.235,4,75.0,12.199,5,4.752,4,75.0,12.199,5
688256.SH,3.569,10,30.0,1.514,0,3.569,10,30.0,1.514,0,4.745,10,30.0,1.514,0
688041.SH,11.318,7,28.571,16.349,0,9.741,7,28.571,13.604,2,6.636,7,28.571,13.604,2
688223.SH,-6.89,7,0.0,-10.147,0,-7.245,7,0.0,-10.672,2,-4.296,7,0.0,-10.672,2
688303.SH,-2.281,4,25.0,-5.698,0,-0.187,2,50.0,-0.724,4,-0.452,2,50.0,-0.724,4
688126.SH,-9.219,11,0.0,-8.727,0,-8.503,10,0.0,-8.804,5,-7.88,10,0.0,-8.804,5
688111.SH,-7.374,8,0.0,-9.5,0,-9.127,10,0.0,-9.505,1,-6.784,10,0.0,-9.505,1
688036.SH,-4.556,11,27.273,-4.216,0,-6.94,12,16.667,-5.981,6,-4.211,12,16.667,-5.981,6
601816.SH,-1.179,5,40.0,-2.321,0,-0.361,4,50.0,-0.882,6,0.135,4,50.0,-0.882,6
601838.SH,5.436,4,75.0,9.722,0,5.705,3,100.0,15.36,2,3.794,3,100.0,15.36,2
601788.SH,2.059,4,75.0,5.207,0,-0.427,4,25.0,-0.962,3,-0.728,4,25.0,-0.962,3
601800.SH,-4.203,7,14.286,-6.157,0,-3.871,5,0.0,-7.863,3,-2.755,5,0.0,-7.863,3
601818.SH,1.266,5,60.0,2.577,0,0.422,5,20.0,0.905,6,0.22,5,20.0,0.905,6
601766.SH,3.676,3,100.0,12.253,0,3.676,3,100.0,12.253,0,1.887,3,100.0,12.253,0
601857.SH,6.489,3,66.667,6.359,0,6.965,2,100.0,14.759,3,4.858,2,100.0,14.759,3
688012.SH,14.742,5,20.0,-4.457,0,16.041,4,25.0,-2.759,4,7.591,4,25.0,-2.759,4
688008.SH,8.614,8,25.0,11.597,0,7.989,8,12.5,10.89,7,3.716,8,12.5,10.89,7
603986.SH,19.048,7,42.857,27.529,0,9.81,6,33.333,16.675,11,10.262,6,33.333,16.675,11
603993.SH,18.218,5,20.0,5.006,0,18.182,5,20.0,4.938,1,8.16,5,20.0,4.938,1
000858.SZ,-3.069,6,16.667,-5.183,0,-3.815,6,16.667,-6.408,4,-2.326,6,16.667,-6.408,4
601689.SH,3.458,3,33.333,11.749,0,3.31,3,33.333,11.316,1,2.993,3,33.333,11.316,1
601728.SH,-5.154,8,0.0,-6.485,0,-5.398,8,0.0,-6.821,6,-3.316,8,0.0,-6.821,6
601658.SH,-2.707,5,0.0,-4.856,0,-2.882,5,0.0,-4.856,2,-1.449,5,0.0,-4.856,2
601698.SH,2.51,2,50.0,-4.1,0,2.51,2,50.0,-4.1,0,1.298,2,50.0,-4.1,0
601669.SH,-0.307,5,40.0,-0.585,0,-0.544,5,40.0,-1.068,4,-0.4,5,40.0,-1.068,4
601633.SH,-3.748,6,33.333,-6.345,0,-2.507,4,25.0,-6.303,5,-1.258,4,25.0,-6.303,5
000776.SZ,0.896,7,28.571,1.527,0,1.912,6,33.333,3.447,2,0.718,6,33.333,3.447,2
601668.SH,-0.542,3,66.667,-1.808,0,-0.542,3,66.667,-1.808,0,-0.439,3,66.667,-1.808,0
601688.SH,7.936,6,66.667,12.908,0,7.243,5,80.0,14.167,8,3.583,5,80.0,14.167,8
601059.SH,-5.18,9,11.111,-5.891,0,-3.23,7,14.286,-4.681,3,-2.722,7,14.286,-4.681,3
600989.SH,1.725,8,25.0,2.297,0,2.04,7,28.571,3.066,5,2.415,7,28.571,3.066,5
601012.SH,-1.891,3,33.333,-6.295,0,-1.891,3,33.333,-6.295,0,-1.397,3,33.333,-6.295,0
601998.SH,2.477,7,57.143,3.534,0,1.365,6,66.667,2.298,5,1.538,6,66.667,2.298,5
601607.SH,-2.895,6,16.667,-4.566,0,-2.88,6,16.667,-4.566,3,-1.775,6,16.667,-4.566,3
601360.SH,-1.979,4,25.0,-4.964,0,-1.901,4,25.0,-4.783,2,-1.316,4,25.0,-4.783,2
601336.SH,9.304,3,66.667,22.908,0,9.183,3,66.667,24.147,4,5.752,3,66.667,24.147,4
601377.SH,-0.09,6,33.333,-0.178,0,-0.155,5,20.0,-0.321,3,0.358,5,20.0,-0.321,3
601600.SH,7.41,8,25.0,9.77,0,7.991,6,33.333,13.671,9,2.789,6,33.333,13.671,9
601390.SH,-3.081,5,20.0,-6.232,0,-3.081,5,20.0,-6.232,0,-2.279,5,20.0,-6.232,0
601398.SH,4.233,6,66.667,7.464,0,3.53,5,60.0,8.181,11,2.613,5,60.0,8.181,11
601601.SH,-1.896,8,37.5,-2.358,0,-2.202,6,50.0,-3.618,11,-0.861,6,50.0,-3.618,11
600926.SH,3.53,4,50.0,8.845,0,3.53,4,50.0,8.845,0,1.766,4,50.0,8.845,0
600919.SH,1.028,8,62.5,0.17,0,0.234,7,57.143,0.153,15,-0.198,7,57.143,0.153,15
600893.SH,-4.31,6,16.667,-7.155,0,-3.621,5,20.0,-7.157,1,-3.075,5,20.0,-7.157,1
600887.SH,-1.14,3,33.333,-3.805,0,-1.457,3,33.333,-4.883,3,-0.701,3,33.333,-4.883,3
600900.SH,2.732,6,66.667,3.492,0,1.471,6,50.0,1.538,11,0.488,6,50.0,1.538,11
002074.SZ,-2.227,3,0.0,-10.304,0,-0.817,2,0.0,-8.687,2,-0.179,2,0.0,-8.687,2
002049.SZ,-3.706,4,0.0,-8.993,0,-2.109,2,0.0,-9.806,2,-2.079,2,0.0,-9.806,2
002001.SZ,2.145,7,42.857,3.266,0,3.253,6,50.0,5.594,4,1.164,6,50.0,5.594,4
002050.SZ,-2.09,7,14.286,-7.809,0,-1.928,5,0.0,-10.718,5,-1.357,5,0.0,-10.718,5
002027.SZ,-2.812,6,16.667,-4.686,0,-1.749,5,20.0,-3.497,1,-0.886,5,20.0,-3.497,1
001979.SZ,-3.168,6,16.667,-5.378,0,-3.086,6,16.667,-5.223,2,-1.774,6,16.667,-5.223,2
000100.SZ,0.854,5,40.0,0.255,0,-0.215,6,33.333,-1.56,3,-0.395,6,33.333,-1.56,3
603260.SH,-1.282,4,25.0,-3.22,0,-0.263,3,33.333,-0.857,2,-0.128,3,33.333,-0.857,2
603392.SH,0.468,3,33.333,1.575,0,-1.636,2,0.0,-8.175,10,-0.819,2,0.0,-8.175,10
603369.SH,-2.128,5,40.0,-3.86,0,-3.365,5,20.0,-6.397,1,-1.966,5,20.0,-6.397,1
603501.SH,-4.778,8,25.0,-6.063,0,-5.022,8,12.5,-6.355,3,-3.465,8,12.5,-6.355,3
603019.SH,-0.32,6,50.0,-0.441,0,-0.32,6,50.0,-0.441,0,-0.173,6,50.0,-0.441,0
603259.SH,6.598,7,42.857,4.754,0,1.112,8,12.5,-2.398,6,1.401,8,12.5,-2.398,6
603288.SH,-0.828,5,20.0,-0.806,0,-2.034,5,20.0,-3.416,7,-1.254,5,20.0,-3.416,7
603799.SH,8.934,3,66.667,29.396,0,6.645,2,50.0,33.767,2,3.074,2,50.0,33.767,2
600875.SH,6.82,4,25.0,-1.895,0,5.391,4,0.0,-5.262,3,2.583,4,0.0,-5.262,3
600803.SH,-2.346,8,25.0,-2.956,0,-1.695,7,28.571,-2.423,1,-1.576,7,28.571,-2.423,1
600845.SH,-4.803,7,14.286,-6.977,0,-3.315,4,0.0,-8.287,8,-2.326,4,0.0,-8.287,8
601117.SH,-3.563,8,25.0,-4.501,0,-4.918,8,12.5,-6.286,6,-2.857,8,12.5,-6.286,6
601100.SH,-0.12,7,42.857,0.027,0,2.623,5,60.0,5.358,4,1.644,5,60.0,5.358,4
601138.SH,14.888,5,20.0,31.028,0,14.888,5,20.0,31.028,0,12.151,5,20.0,31.028,0
601066.SH,1.628,5,40.0,1.734,0,1.683,4,25.0,2.299,3,0.601,4,25.0,2.299,3
601088.SH,7.155,6,83.333,11.614,0,4.987,6,66.667,8.201,6,2.475,6,66.667,8.201,6
601111.SH,-2.126,6,16.667,-3.542,0,-1.354,4,25.0,-3.323,5,-1.084,4,25.0,-3.323,5
601166.SH,-4.609,9,33.333,-4.719,0,-3.622,7,42.857,-4.609,5,-2.169,7,42.857,-4.609,5
601169.SH,0.409,8,50.0,0.873,0,0.92,5,40.0,2.41,9,0.466,5,40.0,2.41,9
601186.SH,-2.898,4,0.0,-7.303,0,-2.898,4,0.0,-7.303,0,-2.521,4,0.0,-7.303,0
600674.SH,-0.928,9,33.333,-1.028,0,-0.964,9,33.333,-1.068,1,-0.807,9,33.333,-1.068,1
601868.SH,-0.199,4,50.0,-1.375,0,-0.244,4,50.0,-1.48,1,-0.539,4,50.0,-1.48,1
601878.SH,-0.512,4,25.0,-1.281,0,-1.901,5,0.0,-3.84,4,-1.198,5,0.0,-3.84,4
601881.SH,1.908,5,40.0,4.904,0,1.927,5,40.0,4.052,4,0.896,5,40.0,4.052,4
601877.SH,-1.432,6,16.667,-2.164,0,-1.789,5,20.0,-3.413,11,-1.385,5,20.0,-3.413,11
601888.SH,-2.95,4,25.0,-7.366,0,-1.494,3,33.333,-5.016,3,-0.748,3,33.333,-5.016,3
601899.SH,9.91,6,50.0,16.591,0,3.309,8,25.0,4.364,17,1.596,8,25.0,4.364,17
601319.SH,1.905,7,42.857,3.518,0,2.401,6,50.0,4.862,11,1.208,6,50.0,4.862,11
601238.SH,-3.353,7,14.286,-4.904,0,-1.875,5,20.0,-3.805,3,-1.153,5,20.0,-3.805,3
601229.SH,5.161,4,75.0,12.78,0,4.119,4,75.0,10.6,11,1.782,4,75.0,10.6,11
601211.SH,2.553,4,75.0,7.821,0,2.424,4,75.0,7.423,4,0.954,4,75.0,7.423,4
601225.SH,-1.832,9,33.333,-1.841,0,-0.488,7,28.571,-0.449,7,0.312,7,28.571,-0.449,7
601318.SH,1.679,6,33.333,2.907,0,-0.154,4,50.0,-0.399,9,-0.337,4,50.0,-0.399,9
601288.SH,11.013,5,80.0,21.344,0,8.839,5,80.0,17.248,7,5.762,5,80.0,17.248,7
601328.SH,3.104,8,50.0,4.125,0,2.577,6,66.667,4.628,12,2.406,6,66.667,4.628,12
000768.SZ,-2.431,5,20.0,-4.916,0,-1.693,4,25.0,-4.26,1,-1.459,4,25.0,-4.26,1
600515.SH,-0.82,3,33.333,-2.354,0,-0.82,3,33.333,-2.354,0,-0.8,3,33.333,-2.354,0
600489.SH,7.767,7,42.857,11.416,0,2.755,7,28.571,4.382,8,3.294,7,28.571,4.382,8
600372.SH,-4.548,5,0.0,-8.668,0,-3.105,3,0.0,-9.642,8,-1.891,3,0.0,-9.642,8
600460.SH,0.837,2,0.0,-9.352,0,0.837,2,0.0,-9.352,0,-0.021,2,0.0,-9.352,0
600600.SH,-3.528,6,0.0,-5.978,0,-2.604,5,0.0,-5.276,2,-1.795,5,0.0,-5.276,2
600584.SH,8.391,5,0.0,-7.355,0,9.204,4,0.0,-7.28,4,3.983,4,0.0,-7.28,4
000708.SZ,0.258,5,60.0,0.53,0,-0.716,5,40.0,-1.428,7,-0.367,5,40.0,-1.428,7
600918.SH,-1.441,6,33.333,-2.413,0,-3.382,5,20.0,-6.467,5,-2.165,5,20.0,-6.467,5
600905.SH,-3.252,7,14.286,-4.697,0,-2.174,4,25.0,-5.459,9,-1.397,4,25.0,-5.459,9
600941.SH,-3.208,8,37.5,-3.928,0,-3.08,7,42.857,-4.295,6,-2.021,7,42.857,-4.295,6
600938.SH,6.451,7,57.143,9.249,0,5.734,7,57.143,8.275,5,4.74,7,57.143,8.275,5
601628.SH,-2.491,8,37.5,-3.156,0,-1.552,7,42.857,-2.242,4,-1.512,7,42.857,-2.242,4
601618.SH,-5.56,8,12.5,-7.098,0,-2.952,5,20.0,-5.941,4,-2.223,5,20.0,-5.941,4
000807.SZ,6.277,7,42.857,9.169,0,5.615,6,50.0,9.506,4,1.979,6,50.0,9.506,4
600027.SH,-3.451,8,25.0,-4.379,0,-7.812,11,9.091,-7.321,9,-4.388,11,9.091,-7.321,9
600415.SH,8.315,5,80.0,16.47,0,7.332,5,80.0,14.604,1,4.3,5,80.0,14.604,1
600026.SH,4.642,3,66.667,10.829,0,2.255,3,66.667,2.868,9,1.609,3,66.667,2.868,9
603296.SH,6.843,4,25.0,-1.628,0,3.502,4,25.0,-2.232,5,1.531,4,25.0,-2.232,5
688009.SH,-1.435,6,50.0,-2.087,0,-1.435,6,50.0,-2.087,0,-0.879,6,50.0,-2.087,0
688082.SH,7.565,6,33.333,3.198,0,7.262,6,33.333,2.835,6,4.454,6,33.333,2.835,6
001965.SZ,-2.061,8,25.0,-2.585,0,-2.061,8,25.0,-2.585,0,-1.951,8,25.0,-2.585,0
000596.SZ,-3.056,5,20.0,-6.527,0,-2.038,4,25.0,-5.581,2,-1.477,4,25.0,-5.581,2
600150.SH,3.6,5,60.0,7.335,0,3.594,5,60.0,7.321,1,1.795,5,60.0,7.321,1
600426.SH,-1.39,6,50.0,-2.315,0,-1.39,6,50.0,-2.315,0,-0.657,6,50.0,-2.315,0
600196.SH,-2.532,4,25.0,-6.302,0,-2.904,4,25.0,-6.81,3,-1.751,4,25.0,-6.81,3
600085.SH,-4.469,6,16.667,-7.574,0,-2.705,5,20.0,-5.468,6,-1.748,5,20.0,-5.468,6
600111.SH,3.569,6,33.333,6.502,0,4.084,5,40.0,8.82,2,1.911,5,40.0,8.82,2
600104.SH,0.504,6,50.0,0.881,0,0.78,5,40.0,1.6,6,0.072,5,40.0,1.6,6
600115.SH,1.147,6,33.333,1.99,0,1.328,5,40.0,2.749,3,0.102,5,40.0,2.749,3
600176.SH,13.21,6,50.0,16.913,0,12.935,5,40.0,19.796,2,11.066,5,40.0,19.796,2
600183.SH,16.88,6,33.333,15.523,0,16.88,6,33.333,15.523,0,11.011,6,33.333,15.523,0
600089.SH,3.418,5,20.0,-3.461,0,2.263,5,20.0,-5.718,6,2.497,5,20.0,-5.718,6
600188.SH,4.906,5,40.0,1.149,0,4.915,4,50.0,1.519,5,1.915,4,50.0,1.519,5
600219.SH,5.675,3,66.667,18.959,0,4.528,3,66.667,15.016,5,2.458,3,66.667,15.016,5
601009.SH,3.029,4,50.0,8.235,0,3.339,3,66.667,12.292,5,2.018,3,66.667,12.292,5
601006.SH,-2.924,5,20.0,-5.901,0,-2.493,4,25.0,-6.261,14,-1.58,4,25.0,-6.261,14
600999.SH,1.188,6,50.0,0.517,0,1.185,5,40.0,0.626,3,1.532,5,40.0,0.626,3
000002.SZ,-3.917,5,0.0,-8.025,0,-2.478,3,0.0,-8.356,4,-2.021,3,0.0,-8.356,4
000725.SZ,-3.231,7,14.286,-6.55,0,-3.423,7,14.286,-6.834,2,-2.416,7,14.286,-6.834,2
600958.SH,0.731,6,50.0,1.921,0,1.667,4,50.0,4.301,5,1.519,4,50.0,4.301,5
601021.SH,-4.927,8,25.0,-5.405,0,-3.439,4,0.0,-8.702,14,-2.03,4,0.0,-8.702,14
000333.SZ,3.173,5,60.0,4.716,0,-1.48,7,28.571,-2.681,5,-1.12,7,28.571,-2.681,5
002938.SZ,20.9,6,16.667,-1.791,0,20.749,5,20.0,-2.287,3,10.142,5,20.0,-2.287,3
688521.SH,10.233,7,14.286,-0.676,0,5.325,7,14.286,-7.336,6,0.564,7,14.286,-7.336,6
003816.SZ,5.703,2,100.0,23.754,0,5.562,2,100.0,23.754,3,4.365,2,100.0,23.754,3
002920.SZ,2.024,5,40.0,4.33,0,0.718,5,40.0,1.509,2,-0.392,5,40.0,1.509,2
000001.SZ,-2.988,6,16.667,-4.866,0,-2.126,5,20.0,-4.074,2,-0.907,5,20.0,-4.074,2
000408.SZ,22.59,5,40.0,44.75,0,24.777,3,66.667,80.39,3,12.339,3,66.667,80.39,3
600362.SH,11.143,4,25.0,3.506,0,10.258,3,33.333,1.806,10,5.124,3,33.333,1.806,10
600309.SH,4.134,3,66.667,13.762,0,2.936,3,33.333,9.884,3,1.478,3,33.333,9.884,3
600276.SH,-4.292,10,10.0,-4.15,0,-1.276,6,16.667,-1.767,6,-1.292,6,16.667,-1.767,6
600346.SH,-1.803,5,40.0,-3.609,0,-1.282,4,50.0,-3.214,4,-0.952,4,50.0,-3.214,4
600233.SH,2.818,6,50.0,4.778,0,1.771,6,50.0,3.064,1,0.385,6,50.0,3.064,1
000617.SZ,-5.824,7,0.0,-8.51,0,-5.91,6,0.0,-9.916,2,-3.77,6,0.0,-9.916,2
600000.SH,7.744,4,50.0,19.184,0,5.967,3,66.667,19.882,10,3.541,3,66.667,19.882,10
000425.SZ,-0.408,7,28.571,-0.507,0,-1.475,7,28.571,-2.061,5,-0.551,7,28.571,-2.061,5
000625.SZ,-2.394,5,20.0,-4.831,0,-2.063,5,40.0,-4.16,1,-2.005,5,40.0,-4.16,1
600547.SH,7.676,4,75.0,18.967,0,7.642,4,75.0,18.889,1,4.138,4,75.0,18.889,1
600519.SH,-2.62,6,0.0,-4.524,0,-1.541,4,0.0,-4.01,3,-0.812,4,0.0,-4.01,3
600406.SH,-0.886,4,50.0,-2.156,0,-0.63,4,50.0,-1.566,4,-0.314,4,50.0,-1.566,4
600436.SH,-2.526,3,0.0,-8.516,0,-1.734,2,0.0,-8.701,4,-0.867,2,0.0,-8.701,4
600438.SH,-4.341,7,14.286,-5.961,0,-0.977,4,25.0,-2.32,4,-1.095,4,25.0,-2.32,4
600016.SH,1.692,4,75.0,4.233,0,1.692,4,75.0,4.233,0,1.261,4,75.0,4.233,0
600010.SH,-0.801,3,0.0,-9.138,0,-1.457,3,0.0,-8.46,4,-1.383,3,0.0,-8.46,4
600019.SH,-3.13,9,22.222,-3.524,0,-2.956,7,0.0,-4.266,6,-2.204,7,0.0,-4.266,6
600015.SH,2.837,6,50.0,4.548,0,-0.222,6,50.0,-0.055,9,-0.09,6,50.0,-0.055,9
600009.SH,-3.479,4,0.0,-8.808,0,-2.153,3,0.0,-7.238,3,-1.282,3,0.0,-7.238,3
000538.SZ,-0.12,5,40.0,-0.219,0,-0.883,4,25.0,-2.194,6,-0.44,4,25.0,-2.194,6
600018.SH,-0.234,4,25.0,0.247,0,-2.031,4,0.0,-4.303,9,-1.112,4,0.0,-4.303,9
600011.SH,-0.738,7,42.857,-1.072,0,-1.972,7,42.857,-2.857,4,-1.154,7,42.857,-2.857,4
600025.SH,1.143,8,75.0,1.564,0,-0.33,8,37.5,0.132,7,-0.411,8,37.5,0.132,7
600023.SH,1.222,9,22.222,1.644,0,2.049,9,22.222,2.412,1,0.316,9,22.222,2.412,1
600795.SH,7.69,2,100.0,37.246,0,7.122,2,100.0,34.975,2,3.535,2,100.0,34.975,2
600741.SH,-2.381,7,28.571,-3.446,0,-1.49,5,40.0,-3.01,5,-0.745,5,40.0,-3.01,5
600886.SH,0.44,8,50.0,0.733,0,-1.043,8,25.0,-1.153,10,-0.794,8,25.0,-1.153,10
600809.SH,-3.823,6,16.667,-6.468,0,-3.823,6,16.667,-6.468,0,-2.134,6,16.667,-6.468,0
600760.SH,0.385,6,50.0,0.669,0,1.307,4,75.0,3.296,4,0.678,4,75.0,3.296,4
600050.SH,-0.91,5,20.0,-1.726,0,-0.115,4,25.0,-0.186,3,-0.305,4,25.0,-0.186,3
600036.SH,-0.048,5,60.0,0.15,0,-0.213,4,75.0,-0.231,9,-0.105,4,75.0,-0.231,9
600031.SH,-2.114,8,37.5,-2.42,0,-1.418,7,42.857,-1.736,1,-0.486,7,42.857,-1.736,1
600030.SH,1.058,5,40.0,3.149,0,2.619,4,50.0,7.723,1,1.327,4,50.0,7.723,1
600028.SH,-0.375,5,40.0,0.143,0,-0.518,5,40.0,-0.138,1,0.058,5,40.0,-0.138,1
000568.SZ,-5.445,9,22.222,-6.212,0,-6.219,9,11.111,-7.109,4,-3.696,9,11.111,-7.109,4
600048.SH,-4.78,5,0.0,-9.755,0,-2.247,2,0.0,-11.267,4,-2.025,2,0.0,-11.267,4
600029.SH,-0.331,6,16.667,-0.469,0,0.298,4,25.0,0.861,2,-0.209,4,25.0,0.861,2
600061.SH,2.532,5,40.0,5.18,0,1.725,4,50.0,4.193,4,0.866,4,50.0,4.193,4
600039.SH,0.408,6,50.0,0.018,0,-0.053,6,50.0,0.018,2,0.107,6,50.0,0.018,2
000651.SZ,-3.147,9,22.222,-2.935,0,-2.58,7,28.571,-2.964,10,-1.437,7,28.571,-2.964,10
600690.SH,-0.73,4,25.0,-0.571,0,-1.117,4,25.0,-1.548,1,-1.09,4,25.0,-1.548,1
600660.SH,3.941,4,75.0,9.766,0,2.881,4,75.0,7.215,7,1.334,4,75.0,7.215,7
600585.SH,-3.927,6,0.0,-6.63,0,-3.656,5,0.0,-7.403,3,-2.394,5,0.0,-7.403,3
600588.SH,-2.82,4,0.0,-7.214,0,-2.087,3,0.0,-7.131,2,-1.829,3,0.0,-7.131,2
600570.SH,-1.44,4,25.0,-3.556,0,-1.44,4,25.0,-3.556,0,-1.488,4,25.0,-3.556,0
688183.SH,35.666,3,33.333,52.983,0,35.666,3,33.333,52.983,0,28.934,3,33.333,52.983,0
688072.SH,23.843,6,16.667,-6.983,0,23.843,6,16.667,-6.983,0,11.667,6,16.667,-6.983,0
601727.SH,3.561,8,37.5,4.794,0,3.939,7,28.571,6.007,5,1.497,7,28.571,6.007,5
600549.SH,16.154,2,0.0,-7.758,0,16.154,2,0.0,-7.758,0,13.145,2,0.0,-7.758,0
600221.SH,-1.139,5,20.0,-2.118,0,-0.043,3,33.333,-0.136,3,0.184,3,33.333,-0.136,3
600118.SH,10.467,3,0.0,-7.822,0,10.467,3,0.0,-7.822,0,8.956,3,0.0,-7.822,0
002837.SZ,12.523,3,33.333,-7.303,0,12.523,3,33.333,-7.303,0,6.195,3,33.333,-7.303,0
002602.SZ,12.769,7,42.857,18.39,0,10.86,7,42.857,15.859,2,4.793,7,42.857,15.859,2
002558.SZ,13.208,6,50.0,21.776,0,11.324,6,50.0,18.845,8,9.709,6,50.0,18.845,8
002532.SZ,13.624,3,66.667,45.393,0,14.985,2,100.0,73.859,1,11.371,2,100.0,73.859,1
002353.SZ,8.662,10,60.0,8.49,0,8.662,10,60.0,8.49,0,4.276,10,60.0,8.49,0
002202.SZ,11.892,3,66.667,1.885,0,11.892,3,66.667,1.885,0,6.399,3,66.667,1.885,0
001280.SZ,0.0,0,0,0,0,0.0,0,0,0,0,0.0,0,0,0,0
000988.SZ,12.57,3,33.333,-5.05,0,12.062,3,33.333,-6.469,2,4.868,3,33.333,-6.469,2
000657.SZ,14.537,7,14.286,-1.203,0,16.093,5,20.0,4.391,6,9.051,5,20.0,4.391,6
603893.SH,-0.148,8,12.5,-0.201,0,-1.106,8,12.5,-0.844,7,-1.843,8,12.5,-0.844,7
601456.SH,-0.758,6,33.333,-1.282,0,-0.981,6,33.333,-1.685,3,-0.947,6,33.333,-1.685,3
