code,total_return_a,n_trades_a,win_rate_a,avg_ret_per_trade_a,total_return_e,n_trades_e,win_rate_e,avg_ret_per_trade_e
000001.SZ,-2.988,6,16.667,-4.866,-0.672,1,0.0,-6.839
000002.SZ,-3.917,5,0.0,-8.025,-0.909,1,0.0,-9.245
000063.SZ,-4.098,7,14.286,-5.954,-1.096,1,0.0,-10.835
000100.SZ,0.854,5,40.0,0.255,-0.98,1,0.0,-9.819
000157.SZ,-2.423,9,44.444,-2.709,0.132,1,100.0,1.322
000166.SZ,-0.303,5,40.0,-0.113,0.981,1,100.0,9.813
000301.SZ,1.225,3,0.0,-6.897,-0.894,1,0.0,-8.974
000333.SZ,3.173,5,60.0,4.716,-1.083,2,0.0,-5.341
000338.SZ,8.705,7,71.429,12.607,-0.186,1,0.0,-1.863
000408.SZ,22.59,5,40.0,44.75,-1.078,1,0.0,-10.646
000425.SZ,-0.408,7,28.571,-0.507,-0.458,1,0.0,-4.593
000538.SZ,-0.12,5,40.0,-0.219,-1.912,2,0.0,-9.629
000568.SZ,-5.445,9,22.222,-6.212,0.022,1,100.0,0.217
000596.SZ,-3.056,5,20.0,-6.527,-2.206,2,0.0,-11.037
000617.SZ,-5.824,7,0.0,-8.51,-0.839,1,0.0,-8.528
000625.SZ,-2.394,5,20.0,-4.831,0.408,1,100.0,4.124
000630.SZ,1.691,9,22.222,2.16,-0.916,1,0.0,-9.093
000651.SZ,-3.147,9,22.222,-2.935,-0.918,1,0.0,-9.117
000657.SZ,14.537,7,14.286,-1.203,-1.055,2,0.0,-5.215
000708.SZ,0.258,5,60.0,0.53,0.193,1,100.0,1.941
000725.SZ,-3.231,7,14.286,-6.55,-0.809,1,0.0,-8.112
000768.SZ,-2.431,5,20.0,-4.916,0.352,1,100.0,3.547
000776.SZ,0.896,7,28.571,1.527,-0.3,1,0.0,-2.975
000792.SZ,3.138,4,0.0,-6.713,-0.81,1,0.0,-8.152
000807.SZ,6.277,7,42.857,9.169,-1.551,3,0.0,-5.249
000858.SZ,-3.069,6,16.667,-5.183,-0.337,1,0.0,-3.355
000895.SZ,-0.026,5,40.0,-0.051,0.329,1,100.0,3.288
000938.SZ,1.216,4,0.0,-11.081,-1.28,1,0.0,-12.695
000963.SZ,-3.63,7,28.571,-4.957,-0.506,1,0.0,-5.083
000975.SZ,0.497,8,50.0,0.665,-0.763,1,0.0,-7.717
000977.SZ,-0.827,6,16.667,-1.243,-0.896,1,0.0,-8.982
000988.SZ,12.57,3,33.333,-5.05,-1.836,1,0.0,-17.312
000999.SZ,-5.401,7,0.0,-7.708,-2.218,3,0.0,-7.487
001280.SZ,0.0,0,0,0,0.0,0,0,0
001391.SZ,-0.898,1,0.0,-8.998,-0.898,1,0.0,-8.998
001965.SZ,-2.061,8,25.0,-2.585,-0.574,1,0.0,-5.746
001979.SZ,-3.168,6,16.667,-5.378,-1.623,2,0.0,-8.206
002001.SZ,2.145,7,42.857,3.266,0.134,1,100.0,1.344
002027.SZ,-2.812,6,16.667,-4.686,-1.082,1,0.0,-10.633
002028.SZ,14.74,5,40.0,5.052,-0.738,2,0.0,-3.699
002049.SZ,-3.706,4,0.0,-8.993,-0.563,1,0.0,-5.594
002050.SZ,-2.09,7,14.286,-7.809,0.542,1,100.0,5.365
002074.SZ,-2.227,3,0.0,-10.304,-1.421,1,0.0,-13.539
002142.SZ,-2.829,6,33.333,-4.647,-1.245,1,0.0,-12.45
002179.SZ,-3.748,6,16.667,-6.369,-0.394,1,0.0,-3.923
002202.SZ,11.892,3,66.667,1.885,-0.911,1,0.0,-9.134
002230.SZ,-5.559,6,0.0,-9.5,-1.404,1,0.0,-14.199
002236.SZ,-2.948,4,25.0,-7.438,-1.228,1,0.0,-12.472
002241.SZ,3.397,6,33.333,5.856,-1.833,2,0.0,-9.198
002304.SZ,-3.079,4,0.0,-7.772,-0.807,1,0.0,-8.076
002311.SZ,-0.071,7,42.857,-0.015,-1.15,1,0.0,-11.482
002352.SZ,2.272,2,100.0,11.335,1.886,1,100.0,18.875
002353.SZ,8.662,10,60.0,8.49,-0.124,1,0.0,-1.242
002371.SZ,10.897,6,50.0,-0.394,-0.228,2,50.0,-1.093
002384.SZ,45.506,8,25.0,57.232,-0.942,1,0.0,-9.437
002415.SZ,-0.579,4,0.0,-8.171,-0.556,1,0.0,-5.75
002422.SZ,0.586,8,25.0,-4.379,-0.714,1,0.0,-7.137
002460.SZ,5.175,3,33.333,-5.68,-1.474,1,0.0,-14.74
002463.SZ,20.764,8,12.5,-1.182,-2.064,2,0.0,-10.332
002466.SZ,3.996,3,33.333,13.533,-0.689,1,0.0,-7.053
002475.SZ,1.659,7,28.571,-3.572,-1.794,2,0.0,-8.951
002493.SZ,0.742,5,40.0,1.221,-0.847,2,50.0,-4.279
002532.SZ,13.624,3,66.667,45.393,-1.184,1,0.0,-11.54
002558.SZ,13.208,6,50.0,21.776,1.873,1,100.0,18.949
002594.SZ,-0.879,7,28.571,-1.134,-1.455,2,0.0,-7.288
002600.SZ,-2.173,10,10.0,-2.047,-1.417,2,0.0,-7.121
002602.SZ,12.769,7,42.857,18.39,-1.302,1,0.0,-12.92
002625.SZ,4.026,7,14.286,6.214,-1.794,2,0.0,-9.06
002648.SZ,-1.747,9,11.111,-2.04,-0.071,1,0.0,-0.713
002709.SZ,9.316,3,0.0,-7.315,-0.529,1,0.0,-5.317
002714.SZ,-0.29,5,40.0,-0.465,-0.736,1,0.0,-7.444
002736.SZ,-1.539,8,25.0,-1.639,-1.767,3,0.0,-5.972
002837.SZ,12.523,3,33.333,-7.303,-1.833,1,0.0,-18.453
002916.SZ,6.97,8,25.0,5.35,-2.388,2,0.0,-12.005
002920.SZ,2.024,5,40.0,4.33,4.654,1,100.0,46.907
002938.SZ,20.9,6,16.667,-1.791,-1.57,2,0.0,-7.986
003816.SZ,5.703,2,100.0,23.754,3.175,1,100.0,31.754
600000.SH,7.744,4,50.0,19.184,4.343,2,50.0,21.8
600009.SH,-3.479,4,0.0,-8.808,-2.179,2,0.0,-10.949
600010.SH,-0.801,3,0.0,-9.138,-1.119,2,0.0,-5.659
600011.SH,-0.738,7,42.857,-1.072,0.183,1,100.0,1.821
600015.SH,2.837,6,50.0,4.548,2.222,2,100.0,11.098
600016.SH,1.692,4,75.0,4.233,0.307,2,50.0,1.568
600018.SH,-0.234,4,25.0,0.247,-0.989,1,0.0,-9.794
600019.SH,-3.13,9,22.222,-3.524,-1.006,2,0.0,-5.038
600023.SH,1.222,9,22.222,1.644,3.437,1,100.0,34.487
600025.SH,1.143,8,75.0,1.564,0.324,2,50.0,1.656
600026.SH,4.642,3,66.667,10.829,-0.625,1,0.0,-6.377
600027.SH,-3.451,8,25.0,-4.379,0.07,1,100.0,0.7
600028.SH,-0.375,5,40.0,0.143,0.543,2,50.0,2.734
600029.SH,-0.331,6,16.667,-0.469,-1.493,2,0.0,-7.457
600030.SH,1.058,5,40.0,3.149,-1.014,1,0.0,-10.048
600031.SH,-2.114,8,37.5,-2.42,-0.38,1,0.0,-3.819
600036.SH,-0.048,5,60.0,0.15,-0.265,2,50.0,-1.301
600039.SH,0.408,6,50.0,0.018,0.614,1,100.0,6.085
600048.SH,-4.78,5,0.0,-9.755,-0.919,1,0.0,-9.161
600050.SH,-0.91,5,20.0,-1.726,-0.77,1,0.0,-7.49
600061.SH,2.532,5,40.0,5.18,-0.846,1,0.0,-8.488
600066.SH,10.912,10,30.0,11.205,3.339,1,100.0,33.329
600085.SH,-4.469,6,16.667,-7.574,-1.728,2,0.0,-8.682
600089.SH,3.418,5,20.0,-3.461,-0.806,1,0.0,-8.058
600104.SH,0.504,6,50.0,0.881,0.025,1,100.0,0.244
600111.SH,3.569,6,33.333,6.502,-1.81,2,0.0,-9.084
600115.SH,1.147,6,33.333,1.99,-1.142,2,0.0,-5.735
600118.SH,10.467,3,0.0,-7.822,-0.93,1,0.0,-9.382
600150.SH,3.6,5,60.0,7.335,1.781,1,100.0,18.477
600160.SH,3.922,5,60.0,0.444,-0.921,1,0.0,-9.195
600176.SH,13.21,6,50.0,16.913,-0.182,1,0.0,-1.82
600183.SH,16.88,6,33.333,15.523,-1.823,2,0.0,-9.181
600188.SH,4.906,5,40.0,1.149,-0.754,1,0.0,-7.631
600196.SH,-2.532,4,25.0,-6.302,-0.585,1,0.0,-5.836
600219.SH,5.675,3,66.667,18.959,-0.883,1,0.0,-8.834
600221.SH,-1.139,5,20.0,-2.118,-1.633,2,0.0,-8.208
600233.SH,2.818,6,50.0,4.778,2.206,1,100.0,22.337
600276.SH,-4.292,10,10.0,-4.15,-0.771,1,0.0,-7.715
600309.SH,4.134,3,66.667,13.762,-0.906,1,0.0,-9.063
600346.SH,-1.803,5,40.0,-3.609,0.104,1,100.0,1.05
600362.SH,11.143,4,25.0,3.506,-2.054,3,0.0,-6.882
600372.SH,-4.548,5,0.0,-8.668,-1.82,2,0.0,-9.09
600406.SH,-0.886,4,50.0,-2.156,-1.116,1,0.0,-11.038
600415.SH,8.315,5,80.0,16.47,1.967,2,50.0,9.976
600426.SH,-1.39,6,50.0,-2.315,0.079,1,100.0,0.791
600436.SH,-2.526,3,0.0,-8.516,-0.809,1,0.0,-8.152
600438.SH,-4.341,7,14.286,-5.961,0.492,3,33.333,1.731
600460.SH,0.837,2,0.0,-9.352,-0.953,1,0.0,-9.723
600482.SH,1.491,7,28.571,-1.753,2.08,1,100.0,20.748
600489.SH,7.767,7,42.857,11.416,-0.842,1,0.0,-8.154
600515.SH,-0.82,3,33.333,-2.354,-0.532,1,0.0,-5.323
600519.SH,-2.62,6,0.0,-4.524,-0.328,1,0.0,-3.316
600522.SH,2.886,8,12.5,-5.162,-0.895,1,0.0,-8.926
600547.SH,7.676,4,75.0,18.967,0.555,1,100.0,5.41
600549.SH,16.154,2,0.0,-7.758,-1.04,1,0.0,-10.406
600570.SH,-1.44,4,25.0,-3.556,-1.075,1,0.0,-10.54
600584.SH,8.391,5,0.0,-7.355,-1.54,2,0.0,-7.788
600585.SH,-3.927,6,0.0,-6.63,-1.054,1,0.0,-10.413
600588.SH,-2.82,4,0.0,-7.214,-0.817,1,0.0,-8.174
600600.SH,-3.528,6,0.0,-5.978,-0.757,2,0.0,-3.795
600660.SH,3.941,4,75.0,9.766,0.836,1,100.0,8.295
600674.SH,-0.928,9,33.333,-1.028,0.627,1,100.0,6.269
600690.SH,-0.73,4,25.0,-0.571,-0.878,1,0.0,-8.796
600741.SH,-2.381,7,28.571,-3.446,0.101,1,100.0,1.009
600760.SH,0.385,6,50.0,0.669,0.371,2,50.0,1.859
600795.SH,7.69,2,100.0,37.246,4.689,2,50.0,23.072
600803.SH,-2.346,8,25.0,-2.956,-0.72,1,0.0,-7.178
600809.SH,-3.823,6,16.667,-6.468,-0.997,1,0.0,-9.939
600845.SH,-4.803,7,14.286,-6.977,-0.995,1,0.0,-9.771
600875.SH,6.82,4,25.0,-1.895,-0.347,1,0.0,-3.413
600886.SH,0.44,8,50.0,0.733,0.645,1,100.0,6.449
600887.SH,-1.14,3,33.333,-3.805,-0.96,1,0.0,-9.599
600893.SH,-4.31,6,16.667,-7.155,-0.407,1,0.0,-4.091
600900.SH,2.732,6,66.667,3.492,1.413,2,100.0,7.059
600905.SH,-3.252,7,14.286,-4.697,-0.838,1,0.0,-8.399
600918.SH,-1.441,6,33.333,-2.413,-1.173,2,0.0,-5.885
600919.SH,1.028,8,62.5,0.17,-0.383,2,50.0,-1.821
600926.SH,3.53,4,50.0,8.845,3.095,1,100.0,30.955
600930.SH,-2.843,3,0.0,-9.663,-0.892,1,0.0,-9.006
600938.SH,6.451,7,57.143,9.249,0.145,1,100.0,1.435
600941.SH,-3.208,8,37.5,-3.928,-0.839,1,0.0,-8.395
600958.SH,0.731,6,50.0,1.921,-1.722,2,0.0,-8.563
600989.SH,1.725,8,25.0,2.297,-0.085,1,0.0,-0.85
600999.SH,1.188,6,50.0,0.517,-0.88,1,0.0,-8.857
601006.SH,-2.924,5,20.0,-5.901,0.226,1,100.0,2.258
601009.SH,3.029,4,50.0,8.235,1.146,1,100.0,11.387
601012.SH,-1.891,3,33.333,-6.295,0.29,1,100.0,2.873
601018.SH,-3.947,6,0.0,-6.675,-1.324,2,0.0,-6.641
601021.SH,-4.927,8,25.0,-5.405,-1.853,2,0.0,-9.297
601058.SH,-1.894,9,44.444,-1.432,-0.166,1,0.0,-1.652
601059.SH,-5.18,9,11.111,-5.891,-0.889,2,0.0,-4.57
601066.SH,1.628,5,40.0,1.734,-0.813,1,0.0,-8.246
601077.SH,4.002,9,66.667,4.412,2.546,2,100.0,12.628
601088.SH,7.155,6,83.333,11.614,0.934,2,100.0,4.648
601100.SH,-0.12,7,42.857,0.027,-2.782,2,0.0,-13.795
601111.SH,-2.126,6,16.667,-3.542,-1.567,2,0.0,-7.859
601117.SH,-3.563,8,25.0,-4.501,-1.34,1,0.0,-13.387
601127.SH,-2.5,6,33.333,-4.336,-1.622,1,0.0,-15.593
601136.SH,-5.91,7,0.0,-8.67,-0.211,1,0.0,-2.008
601138.SH,14.888,5,20.0,31.028,-1.678,2,0.0,-8.659
601166.SH,-4.609,9,33.333,-4.719,-1.458,3,33.333,-4.836
601169.SH,0.409,8,50.0,0.873,1.561,2,100.0,7.806
601186.SH,-2.898,4,0.0,-7.303,-1.034,1,0.0,-10.421
601211.SH,2.553,4,75.0,7.821,0.709,1,100.0,7.075
601225.SH,-1.832,9,33.333,-1.841,-2.787,3,0.0,-9.363
601229.SH,5.161,4,75.0,12.78,2.649,2,100.0,13.166
601238.SH,-3.353,7,14.286,-4.904,-0.373,1,0.0,-3.735
601288.SH,11.013,5,80.0,21.344,5.337,2,100.0,26.377
601318.SH,1.679,6,33.333,2.907,-0.874,1,0.0,-8.755
601319.SH,1.905,7,42.857,3.518,0.946,1,100.0,9.465
601328.SH,3.104,8,50.0,4.125,3.605,2,100.0,17.884
601336.SH,9.304,3,66.667,22.908,2.207,1,100.0,21.398
601360.SH,-1.979,4,25.0,-4.964,-1.224,1,0.0,-12.299
601377.SH,-0.09,6,33.333,-0.178,-0.995,2,0.0,-4.989
601390.SH,-3.081,5,20.0,-6.232,-1.059,1,0.0,-10.665
601398.SH,4.233,6,66.667,7.464,2.817,1,100.0,28.175
601456.SH,-0.758,6,33.333,-1.282,-0.71,1,0.0,-7.288
601600.SH,7.41,8,25.0,9.77,-2.181,2,0.0,-10.898
601601.SH,-1.896,8,37.5,-2.358,-0.88,1,0.0,-8.764
601607.SH,-2.895,6,16.667,-4.566,-0.396,1,0.0,-3.964
601618.SH,-5.56,8,12.5,-7.098,-0.91,1,0.0,-9.122
601628.SH,-2.491,8,37.5,-3.156,-0.768,1,0.0,-7.787
601633.SH,-3.748,6,33.333,-6.345,-0.972,1,0.0,-9.62
601658.SH,-2.707,5,0.0,-4.856,-0.84,2,0.0,-4.219
601668.SH,-0.542,3,66.667,-1.808,-1.048,1,0.0,-10.562
601669.SH,-0.307,5,40.0,-0.585,-0.797,1,0.0,-8.045
601688.SH,7.936,6,66.667,12.908,3.458,1,100.0,34.587
601689.SH,3.458,3,33.333,11.749,-0.893,1,0.0,-9.069
601698.SH,2.51,2,50.0,-4.1,-0.937,1,0.0,-9.37
601727.SH,3.561,8,37.5,4.794,-0.453,1,0.0,-4.538
601728.SH,-5.154,8,0.0,-6.485,-0.965,1,0.0,-9.724
601766.SH,3.676,3,100.0,12.253,0.107,1,100.0,1.062
601788.SH,2.059,4,75.0,5.207,1.322,1,100.0,13.257
601800.SH,-4.203,7,14.286,-6.157,-0.912,1,0.0,-9.221
601816.SH,-1.179,5,40.0,-2.321,0.491,1,100.0,4.923
601818.SH,1.266,5,60.0,2.577,-1.626,3,0.0,-5.47
601825.SH,-1.126,10,40.0,-1.059,-0.072,3,66.667,-0.24
601838.SH,5.436,4,75.0,9.722,3.179,1,100.0,31.793
601857.SH,6.489,3,66.667,6.359,1.768,2,50.0,9.044
601868.SH,-0.199,4,50.0,-1.375,-0.837,1,0.0,-8.367
601872.SH,12.691,6,33.333,5.507,-0.699,1,0.0,-6.924
601877.SH,-1.432,6,16.667,-2.164,-0.459,1,0.0,-4.593
601878.SH,-0.512,4,25.0,-1.281,0.377,1,100.0,3.759
601881.SH,1.908,5,40.0,4.904,2.048,1,100.0,20.46
601888.SH,-2.95,4,25.0,-7.366,-1.06,1,0.0,-10.645
601898.SH,2.281,8,37.5,3.139,-0.288,1,0.0,-2.868
601899.SH,9.91,6,50.0,16.591,-1.4,1,0.0,-13.891
601901.SH,-6.685,9,11.111,-7.548,-1.526,2,0.0,-7.726
601916.SH,0.561,6,33.333,0.997,0.389,2,50.0,1.978
601919.SH,7.439,5,40.0,13.928,7.495,1,100.0,74.949
601939.SH,4.021,7,71.429,4.233,0.593,3,33.333,1.983
601985.SH,-0.661,6,50.0,-0.918,0.483,1,100.0,4.84
601988.SH,6.068,4,75.0,14.182,3.271,2,100.0,16.295
601995.SH,-0.171,3,33.333,1.275,-0.741,1,0.0,-7.517
601998.SH,2.477,7,57.143,3.534,1.667,2,50.0,8.301
603019.SH,-0.32,6,50.0,-0.441,0.957,1,100.0,9.577
603259.SH,6.598,7,42.857,4.754,1.084,1,100.0,10.756
603260.SH,-1.282,4,25.0,-3.22,-1.021,1,0.0,-10.308
603288.SH,-0.828,5,20.0,-0.806,-0.802,1,0.0,-8.022
603296.SH,6.843,4,25.0,-1.628,-0.459,1,0.0,-4.587
603369.SH,-2.128,5,40.0,-3.86,-0.858,1,0.0,-8.587
603392.SH,0.468,3,33.333,1.575,2.604,1,100.0,25.334
603501.SH,-4.778,8,25.0,-6.063,-1.206,1,0.0,-12.083
603799.SH,8.934,3,66.667,29.396,-0.949,1,0.0,-9.634
603893.SH,-0.148,8,12.5,-0.201,-1.673,1,0.0,-16.222
603986.SH,19.048,7,42.857,27.529,-2.505,2,0.0,-12.47
603993.SH,18.218,5,20.0,5.006,-2.015,2,0.0,-10.002
605117.SH,5.779,7,42.857,8.27,-3.114,2,0.0,-15.403
605499.SH,4.32,5,60.0,8.628,-0.335,1,0.0,-3.301
688008.SH,8.614,8,25.0,11.597,-1.251,1,0.0,-12.779
688009.SH,-1.435,6,50.0,-2.087,0.143,1,100.0,1.434
688012.SH,14.742,5,20.0,-4.457,-0.952,2,0.0,-4.729
688036.SH,-4.556,11,27.273,-4.216,-0.503,2,50.0,-2.474
688041.SH,11.318,7,28.571,16.349,-1.729,2,0.0,-8.595
688047.SH,-8.893,8,0.0,-10.964,-1.061,1,0.0,-10.501
688072.SH,23.843,6,16.667,-6.983,0.296,1,100.0,2.954
688082.SH,7.565,6,33.333,3.198,-0.723,2,50.0,-3.63
688111.SH,-7.374,8,0.0,-9.5,-0.814,1,0.0,-8.258
688126.SH,-9.219,11,0.0,-8.727,-1.748,2,0.0,-8.735
688183.SH,35.666,3,33.333,52.983,-0.998,1,0.0,-10.106
688223.SH,-6.89,7,0.0,-10.147,-1.78,2,0.0,-8.985
688256.SH,3.569,10,30.0,1.514,-3.217,3,0.0,-10.692
688271.SH,-0.817,6,33.333,-1.383,-0.821,1,0.0,-8.217
688303.SH,-2.281,4,25.0,-5.698,-2.087,2,0.0,-10.49
688396.SH,-5.64,9,11.111,-6.358,-1.552,2,0.0,-7.827
688472.SH,7.615,3,66.667,24.854,-1.117,2,0.0,-5.629
688506.SH,4.597,9,33.333,5.332,-2.057,2,0.0,-10.248
688521.SH,10.233,7,14.286,-0.676,-1.928,2,0.0,-9.899
688981.SH,-4.362,9,11.111,-4.914,-0.384,1,0.0,-3.865
