hx_vol_mult,yycs_vol_mult,jzjq_spread,jzjq_vol_mult,stop_loss_pct,total_return,n_trades,win_rate,avg_ret_per_trade,score
0.8,1.5,0.01,1.5,0.06,3.54,8.0,28.0,1.79,2.2912
0.8,1.5,0.01,1.5,0.08,3.67,7.2,31.0,1.77,2.3187
0.8,1.5,0.01,1.5,0.1,3.64,6.7,33.0,1.76,2.3408
0.8,1.5,0.01,2.0,0.06,3.56,7.9,29.0,1.83,2.3607
0.8,1.5,0.01,2.0,0.08,3.68,7.1,31.0,1.73,2.2663
0.8,1.5,0.01,2.0,0.1,3.62,6.7,33.0,1.7,2.261
0.8,1.5,0.01,2.5,0.06,3.5,7.9,29.0,1.78,2.2962
0.8,1.5,0.01,2.5,0.08,3.61,7.1,31.0,1.68,2.2008
0.8,1.5,0.01,2.5,0.1,3.57,6.7,33.0,1.66,2.2078
0.8,1.5,0.015,1.5,0.06,3.43,8.1,28.0,1.59,2.0352
0.8,1.5,0.015,1.5,0.08,3.66,7.2,31.0,1.76,2.3056
0.8,1.5,0.015,1.5,0.1,3.63,6.8,33.0,1.71,2.2743
0.8,1.5,0.015,2.0,0.06,3.55,7.9,29.0,1.74,2.2446
0.8,1.5,0.015,2.0,0.08,3.64,7.1,31.0,1.65,2.1615
0.8,1.5,0.015,2.0,0.1,3.58,6.7,33.0,1.55,2.0615
0.8,1.5,0.015,2.5,0.06,3.47,7.9,29.0,1.75,2.2575
0.8,1.5,0.015,2.5,0.08,3.61,7.1,31.0,1.68,2.2008
0.8,1.5,0.015,2.5,0.1,3.56,6.7,33.0,1.65,2.1945
0.8,1.5,0.02,1.5,0.06,3.37,8.3,28.0,1.63,2.0864
0.8,1.5,0.02,1.5,0.08,3.58,7.4,31.0,1.74,2.2794
0.8,1.5,0.02,1.5,0.1,3.56,6.9,33.0,1.63,2.1679
0.8,1.5,0.02,2.0,0.06,3.42,8.0,28.0,1.66,2.1248
0.8,1.5,0.02,2.0,0.08,3.52,7.2,30.0,1.55,2.015
0.8,1.5,0.02,2.0,0.1,3.48,6.7,33.0,1.43,1.9019
0.8,1.5,0.02,2.5,0.06,3.43,8.0,29.0,1.73,2.2317
0.8,1.5,0.02,2.5,0.08,3.59,7.1,31.0,1.66,2.1746
0.8,1.5,0.02,2.5,0.1,3.52,6.7,33.0,1.61,2.1413
0.8,2.0,0.01,1.5,0.06,3.65,7.6,27.0,2.01,2.5527
0.8,2.0,0.01,1.5,0.08,3.77,6.9,30.0,2.03,2.639
0.8,2.0,0.01,1.5,0.1,3.71,6.5,32.0,1.74,2.2968
0.8,2.0,0.01,2.0,0.06,3.79,7.4,29.0,2.38,3.0702
0.8,2.0,0.01,2.0,0.08,3.75,6.8,31.0,2.09,2.7379
0.8,2.0,0.01,2.0,0.1,3.66,6.4,33.0,1.77,2.3541
0.8,2.0,0.01,2.5,0.06,3.66,7.4,29.0,2.28,2.9412
0.8,2.0,0.01,2.5,0.08,3.64,6.8,31.0,2.01,2.6331
0.8,2.0,0.01,2.5,0.1,3.64,6.4,33.0,1.77,2.3541
0.8,2.0,0.015,1.5,0.06,3.4,7.9,27.0,1.44,1.8288
0.8,2.0,0.015,1.5,0.08,3.57,7.1,30.0,1.57,2.041
0.8,2.0,0.015,1.5,0.1,3.63,6.6,33.0,1.52,2.0216
0.8,2.0,0.015,2.0,0.06,3.78,7.4,29.0,2.29,2.9541
0.8,2.0,0.015,2.0,0.08,3.72,6.8,31.0,2.02,2.6462
0.8,2.0,0.015,2.0,0.1,3.61,6.4,33.0,1.62,2.1546
0.8,2.0,0.015,2.5,0.06,3.65,7.5,29.0,2.25,2.9025
0.8,2.0,0.015,2.5,0.08,3.66,6.8,31.0,2.03,2.6593
0.8,2.0,0.015,2.5,0.1,3.65,6.4,33.0,1.78,2.3674
0.8,2.0,0.02,1.5,0.06,3.32,8.1,27.0,1.51,1.9177
0.8,2.0,0.02,1.5,0.08,3.5,7.3,30.0,1.57,2.041
0.8,2.0,0.02,1.5,0.1,3.55,6.7,33.0,1.47,1.9551
0.8,2.0,0.02,2.0,0.06,3.65,7.5,28.0,2.2,2.816
0.8,2.0,0.02,2.0,0.08,3.6,6.9,31.0,1.95,2.5545
0.8,2.0,0.02,2.0,0.1,3.51,6.5,33.0,1.52,2.0216
0.8,2.0,0.02,2.5,0.06,3.61,7.5,29.0,2.23,2.8767
0.8,2.0,0.02,2.5,0.08,3.63,6.9,31.0,2.03,2.6593
0.8,2.0,0.02,2.5,0.1,3.6,6.4,33.0,1.76,2.3408
0.8,2.5,0.01,1.5,0.06,3.53,7.5,26.0,1.64,2.0664
0.8,2.5,0.01,1.5,0.08,3.72,6.8,29.0,1.77,2.2833
0.8,2.5,0.01,1.5,0.1,3.72,6.4,34.0,1.84,2.4656
0.8,2.5,0.01,2.0,0.06,3.71,7.3,28.0,2.03,2.5984
0.8,2.5,0.01,2.0,0.08,3.73,6.6,30.0,1.87,2.431
0.8,2.5,0.01,2.0,0.1,3.67,6.3,35.0,1.84,2.484
0.8,2.5,0.01,2.5,0.06,3.59,7.3,28.0,1.92,2.4576
0.8,2.5,0.01,2.5,0.08,3.63,6.7,30.0,1.78,2.314
0.8,2.5,0.01,2.5,0.1,3.65,6.3,35.0,1.85,2.4975
0.8,2.5,0.015,1.5,0.06,3.28,7.8,25.0,1.07,1.3375
0.8,2.5,0.015,1.5,0.08,3.51,7.0,29.0,1.32,1.7028
0.8,2.5,0.015,1.5,0.1,3.64,6.5,34.0,1.68,2.2512
0.8,2.5,0.015,2.0,0.06,3.7,7.3,28.0,1.95,2.496
0.8,2.5,0.015,2.0,0.08,3.71,6.6,30.0,1.83,2.379
0.8,2.5,0.015,2.0,0.1,3.62,6.3,35.0,1.75,2.3625
0.8,2.5,0.015,2.5,0.06,3.58,7.3,28.0,1.87,2.3936
0.8,2.5,0.015,2.5,0.08,3.64,6.7,30.0,1.8,2.34
0.8,2.5,0.015,2.5,0.1,3.66,6.3,35.0,1.86,2.511
0.8,2.5,0.02,1.5,0.06,3.2,8.0,25.0,1.16,1.45
0.8,2.5,0.02,1.5,0.08,3.44,7.1,29.0,1.34,1.7286
0.8,2.5,0.02,1.5,0.1,3.57,6.6,34.0,1.66,2.2244
0.8,2.5,0.02,2.0,0.06,3.57,7.4,27.0,1.88,2.3876
0.8,2.5,0.02,2.0,0.08,3.58,6.7,30.0,1.78,2.314
0.8,2.5,0.02,2.0,0.1,3.53,6.3,35.0,1.69,2.2815
0.8,2.5,0.02,2.5,0.06,3.53,7.4,28.0,1.85,2.368
0.8,2.5,0.02,2.5,0.08,3.62,6.7,30.0,1.8,2.34
0.8,2.5,0.02,2.5,0.1,3.62,6.3,35.0,1.84,2.484
1.0,1.5,0.01,1.5,0.06,3.5,7.9,28.0,1.89,2.4192
1.0,1.5,0.01,1.5,0.08,3.57,7.1,30.0,1.85,2.405
1.0,1.5,0.01,1.5,0.1,3.54,6.6,32.0,1.78,2.3496
1.0,1.5,0.01,2.0,0.06,3.48,7.8,28.0,1.89,2.4192
1.0,1.5,0.01,2.0,0.08,3.53,7.0,30.0,1.76,2.288
1.0,1.5,0.01,2.0,0.1,3.48,6.6,32.0,1.66,2.1912
1.0,1.5,0.01,2.5,0.06,3.4,7.8,28.0,1.84,2.3552
1.0,1.5,0.01,2.5,0.08,3.45,7.0,30.0,1.71,2.223
1.0,1.5,0.01,2.5,0.1,3.42,6.6,32.0,1.62,2.1384
1.0,1.5,0.015,1.5,0.06,3.39,8.1,27.0,1.67,2.1209
1.0,1.5,0.015,1.5,0.08,3.56,7.1,30.0,1.83,2.379
1.0,1.5,0.015,1.5,0.1,3.54,6.7,32.0,1.73,2.2836
1.0,1.5,0.015,2.0,0.06,3.44,7.8,28.0,1.79,2.2912
1.0,1.5,0.015,2.0,0.08,3.49,7.0,30.0,1.66,2.158
1.0,1.5,0.015,2.0,0.1,3.43,6.6,32.0,1.51,1.9932
1.0,1.5,0.015,2.5,0.06,3.38,7.8,28.0,1.81,2.3168
1.0,1.5,0.015,2.5,0.08,3.46,7.0,30.0,1.72,2.236
1.0,1.5,0.015,2.5,0.1,3.41,6.6,32.0,1.61,2.1252
1.0,1.5,0.02,1.5,0.06,3.33,8.2,27.0,1.7,2.159
1.0,1.5,0.02,1.5,0.08,3.49,7.3,30.0,1.8,2.34
1.0,1.5,0.02,1.5,0.1,3.46,6.8,32.0,1.66,2.1912
1.0,1.5,0.02,2.0,0.06,3.31,7.9,27.0,1.69,2.1463
1.0,1.5,0.02,2.0,0.08,3.36,7.1,29.0,1.55,1.9995
1.0,1.5,0.02,2.0,0.1,3.33,6.6,31.0,1.39,1.8209
1.0,1.5,0.02,2.5,0.06,3.33,7.9,28.0,1.79,2.2912
1.0,1.5,0.02,2.5,0.08,3.43,7.0,30.0,1.7,2.21
1.0,1.5,0.02,2.5,0.1,3.36,6.6,32.0,1.56,2.0592
1.0,2.0,0.01,1.5,0.06,3.69,7.4,27.0,2.21,2.8067
1.0,2.0,0.01,1.5,0.08,3.8,6.7,30.0,2.22,2.886
1.0,2.0,0.01,1.5,0.1,3.72,6.3,32.0,1.89,2.4948
1.0,2.0,0.01,2.0,0.06,3.79,7.2,29.0,2.57,3.3153
1.0,2.0,0.01,2.0,0.08,3.72,6.5,31.0,2.26,2.9606
1.0,2.0,0.01,2.0,0.1,3.62,6.2,33.0,1.89,2.5137
1.0,2.0,0.01,2.5,0.06,3.67,7.2,29.0,2.47,3.1863
1.0,2.0,0.01,2.5,0.08,3.63,6.6,31.0,2.2,2.882
1.0,2.0,0.01,2.5,0.1,3.6,6.2,33.0,1.89,2.5137
1.0,2.0,0.015,1.5,0.06,3.43,7.8,26.0,1.55,1.953
1.0,2.0,0.015,1.5,0.08,3.57,6.9,30.0,1.68,2.184
1.0,2.0,0.015,1.5,0.1,3.61,6.4,32.0,1.56,2.0592
1.0,2.0,0.015,2.0,0.06,3.77,7.2,28.0,2.44,3.1232
1.0,2.0,0.015,2.0,0.08,3.65,6.6,30.0,2.07,2.691
1.0,2.0,0.015,2.0,0.1,3.54,6.2,32.0,1.61,2.1252
1.0,2.0,0.015,2.5,0.06,3.66,7.2,29.0,2.42,3.1218
1.0,2.0,0.015,2.5,0.08,3.61,6.6,31.0,2.13,2.7903
1.0,2.0,0.015,2.5,0.1,3.56,6.2,33.0,1.78,2.3674
1.0,2.0,0.02,1.5,0.06,3.35,7.9,26.0,1.61,2.0286
1.0,2.0,0.02,1.5,0.08,3.48,7.1,29.0,1.66,2.1414
1.0,2.0,0.02,1.5,0.1,3.53,6.5,32.0,1.5,1.98
1.0,2.0,0.02,2.0,0.06,3.64,7.3,28.0,2.35,3.008
1.0,2.0,0.02,2.0,0.08,3.53,6.7,30.0,2.0,2.6
1.0,2.0,0.02,2.0,0.1,3.44,6.3,32.0,1.52,2.0064
1.0,2.0,0.02,2.5,0.06,3.61,7.3,29.0,2.4,3.096
1.0,2.0,0.02,2.5,0.08,3.58,6.6,31.0,2.14,2.8034
1.0,2.0,0.02,2.5,0.1,3.52,6.2,33.0,1.76,2.3408
1.0,2.5,0.01,1.5,0.06,3.57,7.3,26.0,1.8,2.268
1.0,2.5,0.01,1.5,0.08,3.74,6.6,28.0,1.93,2.4704
1.0,2.5,0.01,1.5,0.1,3.73,6.2,33.0,1.99,2.6467
1.0,2.5,0.01,2.0,0.06,3.72,7.0,27.0,2.19,2.7813
1.0,2.5,0.01,2.0,0.08,3.71,6.4,30.0,2.01,2.613
1.0,2.5,0.01,2.0,0.1,3.63,6.0,34.0,1.96,2.6264
1.0,2.5,0.01,2.5,0.06,3.59,7.0,28.0,2.07,2.6496
1.0,2.5,0.01,2.5,0.08,3.62,6.4,30.0,1.94,2.522
1.0,2.5,0.01,2.5,0.1,3.61,6.0,34.0,1.96,2.6264
1.0,2.5,0.015,1.5,0.06,3.3,7.7,25.0,1.12,1.4
1.0,2.5,0.015,1.5,0.08,3.51,6.8,28.0,1.37,1.7536
1.0,2.5,0.015,1.5,0.1,3.62,6.3,34.0,1.7,2.278
1.0,2.5,0.015,2.0,0.06,3.69,7.0,27.0,2.08,2.6416
1.0,2.5,0.015,2.0,0.08,3.64,6.4,29.0,1.83,2.3607
1.0,2.5,0.015,2.0,0.1,3.55,6.1,34.0,1.73,2.3182
1.0,2.5,0.015,2.5,0.06,3.58,7.1,28.0,1.99,2.5472
1.0,2.5,0.015,2.5,0.08,3.59,6.4,30.0,1.84,2.392
1.0,2.5,0.015,2.5,0.1,3.57,6.1,34.0,1.85,2.479
1.0,2.5,0.02,1.5,0.06,3.22,7.8,25.0,1.22,1.525
1.0,2.5,0.02,1.5,0.08,3.42,7.0,28.0,1.39,1.7792
1.0,2.5,0.02,1.5,0.1,3.55,6.4,33.0,1.68,2.2344
1.0,2.5,0.02,2.0,0.06,3.56,7.2,27.0,2.01,2.5527
1.0,2.5,0.02,2.0,0.08,3.52,6.5,29.0,1.78,2.2962
1.0,2.5,0.02,2.0,0.1,3.45,6.1,34.0,1.67,2.2378
1.0,2.5,0.02,2.5,0.06,3.53,7.1,28.0,1.98,2.5344
1.0,2.5,0.02,2.5,0.08,3.56,6.5,30.0,1.85,2.405
1.0,2.5,0.02,2.5,0.1,3.53,6.1,34.0,1.84,2.4656
1.2,1.5,0.01,1.5,0.06,3.31,7.2,28.0,2.48,3.1744
1.2,1.5,0.01,1.5,0.08,3.43,6.5,31.0,2.33,3.0523
1.2,1.5,0.01,1.5,0.1,3.24,6.2,33.0,2.06,2.7398
1.2,1.5,0.01,2.0,0.06,3.31,7.0,28.0,2.47,3.1616
1.2,1.5,0.01,2.0,0.08,3.42,6.4,31.0,2.3,3.013
1.2,1.5,0.01,2.0,0.1,3.2,6.1,32.0,1.98,2.6136
1.2,1.5,0.01,2.5,0.06,3.12,7.0,28.0,2.32,2.9696
1.2,1.5,0.01,2.5,0.08,3.22,6.4,30.0,2.1,2.73
1.2,1.5,0.01,2.5,0.1,3.04,6.1,32.0,1.82,2.4024
1.2,1.5,0.015,1.5,0.06,3.17,7.4,28.0,2.3,2.944
1.2,1.5,0.015,1.5,0.08,3.4,6.6,32.0,2.33,3.0756
1.2,1.5,0.015,1.5,0.1,3.23,6.2,33.0,2.02,2.6866
1.2,1.5,0.015,2.0,0.06,3.24,7.1,28.0,2.36,3.0208
1.2,1.5,0.015,2.0,0.08,3.36,6.4,30.0,2.2,2.86
1.2,1.5,0.015,2.0,0.1,3.15,6.1,32.0,1.85,2.442
1.2,1.5,0.015,2.5,0.06,3.07,7.1,28.0,2.27,2.9056
1.2,1.5,0.015,2.5,0.08,3.21,6.5,30.0,2.1,2.73
1.2,1.5,0.015,2.5,0.1,3.04,6.1,32.0,1.81,2.3892
1.2,1.5,0.02,1.5,0.06,3.11,7.5,28.0,2.41,3.0848
1.2,1.5,0.02,1.5,0.08,3.33,6.7,32.0,2.3,3.036
1.2,1.5,0.02,1.5,0.1,3.15,6.3,33.0,1.96,2.6068
1.2,1.5,0.02,2.0,0.06,3.11,7.2,28.0,2.25,2.88
1.2,1.5,0.02,2.0,0.08,3.24,6.5,30.0,2.05,2.665
1.2,1.5,0.02,2.0,0.1,3.05,6.1,32.0,1.68,2.2176
1.2,1.5,0.02,2.5,0.06,3.02,7.2,28.0,2.23,2.8544
1.2,1.5,0.02,2.5,0.08,3.18,6.5,30.0,2.04,2.652
1.2,1.5,0.02,2.5,0.1,2.99,6.1,32.0,1.72,2.2704
1.2,2.0,0.01,1.5,0.06,3.54,6.5,28.0,2.86,3.6608
1.2,2.0,0.01,1.5,0.08,3.67,6.1,31.0,2.69,3.5239
1.2,2.0,0.01,1.5,0.1,3.42,5.8,32.0,2.18,2.8776
1.2,2.0,0.01,2.0,0.06,3.69,6.2,29.0,3.44,4.4376
1.2,2.0,0.01,2.0,0.08,3.65,5.8,32.0,3.0,3.96
1.2,2.0,0.01,2.0,0.1,3.4,5.6,33.0,2.47,3.2851
1.2,2.0,0.01,2.5,0.06,3.42,6.3,29.0,3.17,4.0893
1.2,2.0,0.01,2.5,0.08,3.43,5.9,31.0,2.8,3.668
1.2,2.0,0.01,2.5,0.1,3.2,5.6,33.0,2.27,3.0191
1.2,2.0,0.015,1.5,0.06,3.24,7.0,28.0,2.2,2.816
1.2,2.0,0.015,1.5,0.08,3.39,6.4,31.0,2.1,2.751
1.2,2.0,0.015,1.5,0.1,3.29,5.9,33.0,1.77,2.3541
1.2,2.0,0.015,2.0,0.06,3.63,6.3,29.0,3.28,4.2312
1.2,2.0,0.015,2.0,0.08,3.56,5.9,31.0,2.79,3.6549
1.2,2.0,0.015,2.0,0.1,3.31,5.6,33.0,2.16,2.8728
1.2,2.0,0.015,2.5,0.06,3.38,6.3,29.0,3.07,3.9603
1.2,2.0,0.015,2.5,0.08,3.38,6.0,31.0,2.7,3.537
1.2,2.0,0.015,2.5,0.1,3.17,5.6,33.0,2.11,2.8063
1.2,2.0,0.02,1.5,0.06,3.14,7.2,28.0,2.34,2.9952
1.2,2.0,0.02,1.5,0.08,3.3,6.5,31.0,2.09,2.7379
1.2,2.0,0.02,1.5,0.1,3.21,6.0,33.0,1.73,2.3009
1.2,2.0,0.02,2.0,0.06,3.5,6.4,29.0,2.96,3.8184
1.2,2.0,0.02,2.0,0.08,3.44,6.0,31.0,2.4,3.144
1.2,2.0,0.02,2.0,0.1,3.22,5.7,32.0,1.76,2.3232
1.2,2.0,0.02,2.5,0.06,3.33,6.4,29.0,2.83,3.6507
1.2,2.0,0.02,2.5,0.08,3.35,6.0,31.0,2.41,3.1571
1.2,2.0,0.02,2.5,0.1,3.13,5.7,33.0,1.79,2.3807
1.2,2.5,0.01,1.5,0.06,3.41,6.4,26.0,2.44,3.0744
1.2,2.5,0.01,1.5,0.08,3.6,5.9,29.0,2.44,3.1476
1.2,2.5,0.01,1.5,0.1,3.43,5.6,34.0,2.26,3.0284
1.2,2.5,0.01,2.0,0.06,3.62,6.1,28.0,3.05,3.904
1.2,2.5,0.01,2.0,0.08,3.64,5.7,31.0,2.78,3.6418
1.2,2.5,0.01,2.0,0.1,3.41,5.4,35.0,2.52,3.402
1.2,2.5,0.01,2.5,0.06,3.34,6.1,28.0,2.76,3.5328
1.2,2.5,0.01,2.5,0.08,3.41,5.7,30.0,2.57,3.341
1.2,2.5,0.01,2.5,0.1,3.21,5.5,35.0,2.33,3.1455
1.2,2.5,0.015,1.5,0.06,3.12,6.9,26.0,1.72,2.1672
1.2,2.5,0.015,1.5,0.08,3.33,6.2,30.0,1.78,2.314
1.2,2.5,0.015,1.5,0.1,3.3,5.8,35.0,1.91,2.5785
1.2,2.5,0.015,2.0,0.06,3.55,6.1,28.0,2.88,3.6864
1.2,2.5,0.015,2.0,0.08,3.55,5.7,30.0,2.56,3.328
1.2,2.5,0.015,2.0,0.1,3.32,5.5,34.0,2.26,3.0284
1.2,2.5,0.015,2.5,0.06,3.3,6.2,28.0,2.61,3.3408
1.2,2.5,0.015,2.5,0.08,3.36,5.8,30.0,2.42,3.146
1.2,2.5,0.015,2.5,0.1,3.18,5.5,34.0,2.17,2.9078
1.2,2.5,0.02,1.5,0.06,3.02,7.1,26.0,1.9,2.394
1.2,2.5,0.02,1.5,0.08,3.24,6.4,30.0,1.81,2.353
1.2,2.5,0.02,1.5,0.1,3.23,5.9,34.0,1.9,2.546
1.2,2.5,0.02,2.0,0.06,3.42,6.3,28.0,2.58,3.3024
1.2,2.5,0.02,2.0,0.08,3.43,5.8,30.0,2.2,2.86
1.2,2.5,0.02,2.0,0.1,3.23,5.5,34.0,1.9,2.546
1.2,2.5,0.02,2.5,0.06,3.25,6.3,28.0,2.37,3.0336
1.2,2.5,0.02,2.5,0.08,3.33,5.8,30.0,2.12,2.756
1.2,2.5,0.02,2.5,0.1,3.14,5.5,34.0,1.84,2.4656
1.5,1.5,0.01,1.5,0.06,2.69,5.6,27.0,3.98,5.0546
1.5,1.5,0.01,1.5,0.08,3.04,5.2,32.0,4.09,5.3988
1.5,1.5,0.01,1.5,0.1,3.23,4.9,34.0,4.16,5.5744
1.5,1.5,0.01,2.0,0.06,2.68,5.4,27.0,3.98,5.0546
1.5,1.5,0.01,2.0,0.08,3.03,5.0,32.0,4.05,5.346
1.5,1.5,0.01,2.0,0.1,3.19,4.8,34.0,4.1,5.494
1.5,1.5,0.01,2.5,0.06,2.03,5.5,26.0,3.38,4.2588
1.5,1.5,0.01,2.5,0.08,2.4,5.1,30.0,3.39,4.407
1.5,1.5,0.01,2.5,0.1,2.64,4.8,33.0,3.51,4.6683
1.5,1.5,0.015,1.5,0.06,2.42,6.0,27.0,3.7,4.699
1.5,1.5,0.015,1.5,0.08,2.88,5.4,32.0,3.99,5.2668
1.5,1.5,0.015,1.5,0.1,3.08,5.1,34.0,4.04,5.4136
1.5,1.5,0.015,2.0,0.06,2.58,5.5,27.0,3.85,4.8895
1.5,1.5,0.015,2.0,0.08,2.95,5.1,31.0,3.95,5.1745
1.5,1.5,0.015,2.0,0.1,3.12,4.9,33.0,3.98,5.2934
1.5,1.5,0.015,2.5,0.06,1.98,5.6,26.0,3.37,4.2462
1.5,1.5,0.015,2.5,0.08,2.38,5.1,30.0,3.39,4.407
1.5,1.5,0.015,2.5,0.1,2.63,4.8,33.0,3.5,4.655
1.5,1.5,0.02,1.5,0.06,2.37,6.1,28.0,3.81,4.8768
1.5,1.5,0.02,1.5,0.08,2.82,5.6,32.0,4.0,5.28
1.5,1.5,0.02,1.5,0.1,3.02,5.3,34.0,4.01,5.3734
1.5,1.5,0.02,2.0,0.06,2.43,5.7,27.0,3.74,4.7498
1.5,1.5,0.02,2.0,0.08,2.8,5.2,31.0,3.8,4.978
1.5,1.5,0.02,2.0,0.1,2.97,5.0,33.0,3.79,5.0407
1.5,1.5,0.02,2.5,0.06,1.95,5.6,26.0,3.37,4.2462
1.5,1.5,0.02,2.5,0.08,2.36,5.1,30.0,3.36,4.368
1.5,1.5,0.02,2.5,0.1,2.6,4.9,33.0,3.43,4.5619
1.5,2.0,0.01,1.5,0.06,2.93,4.8,28.0,4.38,5.6064
1.5,2.0,0.01,1.5,0.08,3.39,4.5,32.0,4.49,5.9268
1.5,2.0,0.01,1.5,0.1,3.55,4.3,34.0,4.45,5.963
1.5,2.0,0.01,2.0,0.06,3.06,4.4,28.0,5.0,6.4
1.5,2.0,0.01,2.0,0.08,3.17,4.2,33.0,4.52,6.0116
1.5,2.0,0.01,2.0,0.1,3.3,4.1,34.0,4.41,5.9094
1.5,2.0,0.01,2.5,0.06,2.45,4.4,26.0,3.96,4.9896
1.5,2.0,0.01,2.5,0.08,2.61,4.2,31.0,3.52,4.6112
1.5,2.0,0.01,2.5,0.1,2.81,4.1,33.0,3.45,4.5885
1.5,2.0,0.015,1.5,0.06,2.49,5.5,27.0,3.64,4.6228
1.5,2.0,0.015,1.5,0.08,2.96,5.0,32.0,3.78,4.9896
1.5,2.0,0.015,1.5,0.1,3.22,4.7,34.0,3.91,5.2394
1.5,2.0,0.015,2.0,0.06,2.95,4.6,27.0,4.72,5.9944
1.5,2.0,0.015,2.0,0.08,3.04,4.3,32.0,4.21,5.5572
1.5,2.0,0.015,2.0,0.1,3.17,4.2,33.0,4.05,5.3865
1.5,2.0,0.015,2.5,0.06,2.43,4.5,26.0,4.01,5.0526
1.5,2.0,0.015,2.5,0.08,2.58,4.3,31.0,3.59,4.7029
1.5,2.0,0.015,2.5,0.1,2.79,4.1,33.0,3.5,4.655
1.5,2.0,0.02,1.5,0.06,2.4,5.7,27.0,3.78,4.8006
1.5,2.0,0.02,1.5,0.08,2.86,5.2,31.0,3.81,4.9911
1.5,2.0,0.02,1.5,0.1,3.11,4.9,34.0,3.86,5.1724
1.5,2.0,0.02,2.0,0.06,2.8,4.7,27.0,4.4,5.588
1.5,2.0,0.02,2.0,0.08,2.88,4.5,31.0,3.81,4.9911
1.5,2.0,0.02,2.0,0.1,3.03,4.3,33.0,3.62,4.8146
1.5,2.0,0.02,2.5,0.06,2.39,4.6,26.0,3.81,4.8006
1.5,2.0,0.02,2.5,0.08,2.56,4.3,31.0,3.33,4.3623
1.5,2.0,0.02,2.5,0.1,2.77,4.1,33.0,3.22,4.2826
1.5,2.5,0.01,1.5,0.06,2.64,4.7,26.0,3.54,4.4604
1.5,2.5,0.01,1.5,0.08,3.33,4.3,31.0,4.16,5.4496
1.5,2.5,0.01,1.5,0.1,3.56,4.2,36.0,4.58,6.2288
1.5,2.5,0.01,2.0,0.06,2.83,4.3,27.0,4.21,5.3467
1.5,2.5,0.01,2.0,0.08,3.16,4.0,32.0,4.23,5.5836
1.5,2.5,0.01,2.0,0.1,3.32,4.0,36.0,4.52,6.1472
1.5,2.5,0.01,2.5,0.06,2.21,4.3,25.0,3.05,3.8125
1.5,2.5,0.01,2.5,0.08,2.59,4.0,30.0,3.12,4.056
1.5,2.5,0.01,2.5,0.1,2.83,3.9,35.0,3.56,4.806
1.5,2.5,0.015,1.5,0.06,2.23,5.4,25.0,2.85,3.5625
1.5,2.5,0.015,1.5,0.08,2.9,4.8,30.0,3.39,4.407
1.5,2.5,0.015,1.5,0.1,3.23,4.6,35.0,4.04,5.454
1.5,2.5,0.015,2.0,0.06,2.71,4.4,26.0,3.94,4.9644
1.5,2.5,0.015,2.0,0.08,3.03,4.2,31.0,3.93,5.1483
1.5,2.5,0.015,2.0,0.1,3.19,4.1,35.0,4.22,5.697
1.5,2.5,0.015,2.5,0.06,2.19,4.4,25.0,3.1,3.875
1.5,2.5,0.015,2.5,0.08,2.57,4.1,30.0,3.18,4.134
1.5,2.5,0.015,2.5,0.1,2.81,4.0,35.0,3.61,4.8735
1.5,2.5,0.02,1.5,0.06,2.15,5.6,26.0,3.02,3.8052
1.5,2.5,0.02,1.5,0.08,2.8,5.1,30.0,3.46,4.498
1.5,2.5,0.02,1.5,0.1,3.13,4.7,35.0,4.02,5.427
1.5,2.5,0.02,2.0,0.06,2.56,4.6,25.0,3.64,4.55
1.5,2.5,0.02,2.0,0.08,2.87,4.3,31.0,3.57,4.6767
1.5,2.5,0.02,2.0,0.1,3.04,4.2,35.0,3.83,5.1705
1.5,2.5,0.02,2.5,0.06,2.15,4.4,25.0,2.9,3.625
1.5,2.5,0.02,2.5,0.08,2.54,4.1,30.0,2.92,3.796
1.5,2.5,0.02,2.5,0.1,2.78,4.0,35.0,3.33,4.4955
