code,total_return_full,n_trades_full,win_rate_full,avg_ret_per_trade_full,total_return_strong,n_trades_strong,win_rate_strong,avg_ret_per_trade_strong,total_return_leader,n_trades_leader,win_rate_leader,avg_ret_per_trade_leader
000001.SZ,-2.988,6,16.667,-4.866,-1.917,3,0.0,-6.48,0.002,1,100.0,0.02
000002.SZ,-3.917,5,0.0,-8.025,-0.909,1,0.0,-9.091,-0.909,1,0.0,-9.091
000063.SZ,-4.098,7,14.286,-5.954,-4.073,7,14.286,-5.923,-3.356,6,16.667,-5.668
000100.SZ,0.854,5,40.0,0.255,0.524,3,33.333,-0.75,-2.014,4,25.0,-5.004
000157.SZ,-2.423,9,44.444,-2.709,-0.047,4,50.0,-0.1,-0.449,4,25.0,-1.111
000166.SZ,-0.303,5,40.0,-0.113,-2.147,3,0.0,-6.457,-1.921,3,0.0,-6.45
000301.SZ,1.225,3,0.0,-6.897,1.725,0,0,0,1.725,0,0,0
000333.SZ,3.173,5,60.0,4.716,-1.677,3,0.0,-5.645,-2.096,3,0.0,-7.081
000338.SZ,8.705,7,71.429,12.607,6.4,5,20.0,13.198,7.129,4,25.0,18.197
000408.SZ,22.59,5,40.0,44.75,23.657,1,100.0,231.741,10.677,2,50.0,55.023
000425.SZ,-0.408,7,28.571,-0.507,1.578,4,50.0,3.992,0.199,4,50.0,0.619
000538.SZ,-0.12,5,40.0,-0.219,-1.573,3,0.0,-5.263,0.0,0,0,0
000568.SZ,-5.445,9,22.222,-6.212,-1.198,2,0.0,-6.031,-1.198,2,0.0,-6.031
000596.SZ,-3.056,5,20.0,-6.527,-2.377,3,0.0,-8.607,-2.669,3,0.0,-9.002
000617.SZ,-5.824,7,0.0,-8.51,-3.259,4,0.0,-8.321,-2.296,3,0.0,-7.79
000625.SZ,-2.394,5,20.0,-4.831,-2.19,3,0.0,-7.391,-1.864,3,0.0,-6.311
000630.SZ,1.691,9,22.222,2.16,5.402,4,50.0,13.381,5.879,3,66.667,19.652
000651.SZ,-3.147,9,22.222,-2.935,-1.865,3,0.0,-6.284,-2.341,3,0.0,-7.865
000657.SZ,14.537,7,14.286,-1.203,9.402,3,0.0,-9.225,9.402,3,0.0,-9.225
000708.SZ,0.258,5,60.0,0.53,0.256,2,100.0,1.286,-0.226,2,50.0,-1.128
000725.SZ,-3.231,7,14.286,-6.55,-0.596,3,0.0,-6.375,0.505,1,0.0,-8.112
000768.SZ,-2.431,5,20.0,-4.916,-1.335,3,0.0,-4.483,-1.891,3,0.0,-6.36
000776.SZ,0.896,7,28.571,1.527,-0.456,1,0.0,-4.564,-0.456,1,0.0,-4.564
000792.SZ,3.138,4,0.0,-6.713,0.489,1,0.0,-6.838,0.489,1,0.0,-6.838
000807.SZ,6.277,7,42.857,9.169,3.265,4,25.0,8.524,1.744,3,33.333,5.274
000858.SZ,-3.069,6,16.667,-5.183,-1.021,3,33.333,-3.428,-2.16,3,0.0,-7.287
000895.SZ,-0.026,5,40.0,-0.051,-0.02,1,0.0,-0.2,-0.02,1,0.0,-0.2
000938.SZ,1.216,4,0.0,-11.081,3.659,2,0.0,-10.486,-2.99,3,0.0,-10.027
000963.SZ,-3.63,7,28.571,-4.957,-1.381,3,33.333,-4.594,0.366,1,100.0,3.681
000975.SZ,0.497,8,50.0,0.665,2.297,6,66.667,3.788,2.925,5,60.0,5.933
000977.SZ,-0.827,6,16.667,-1.243,0.649,5,20.0,1.363,0.649,5,20.0,1.363
000988.SZ,12.57,3,33.333,-5.05,6.958,3,0.0,-12.335,6.958,3,0.0,-12.335
000999.SZ,-5.401,7,0.0,-7.708,-1.008,1,0.0,-10.0,-1.008,1,0.0,-10.0
001280.SZ,0.0,0,0,0,0.0,0,0,0,0.0,0,0,0
001391.SZ,-0.898,1,0.0,-8.998,0.0,0,0,0,0.0,0,0,0
001965.SZ,-2.061,8,25.0,-2.585,-0.02,4,50.0,-0.003,-0.398,4,50.0,-0.955
001979.SZ,-3.168,6,16.667,-5.378,-2.675,3,0.0,-9.011,-2.675,3,0.0,-9.011
002001.SZ,2.145,7,42.857,3.266,5.613,2,100.0,28.005,4.445,2,100.0,22.166
002027.SZ,-2.812,6,16.667,-4.686,0.458,2,50.0,2.297,-0.02,1,0.0,-0.2
002028.SZ,14.74,5,40.0,5.052,0.735,2,50.0,3.877,-3.423,3,0.0,-11.548
002049.SZ,-3.706,4,0.0,-8.993,-4.494,4,0.0,-11.311,-3.189,3,0.0,-10.652
002050.SZ,-2.09,7,14.286,-7.809,-2.06,2,0.0,-10.327,-0.99,1,0.0,-9.923
002074.SZ,-2.227,3,0.0,-10.304,-2.453,3,0.0,-8.29,-1.705,2,0.0,-8.593
002142.SZ,-2.829,6,33.333,-4.647,-0.91,1,0.0,-9.471,-0.943,1,0.0,-9.471
002179.SZ,-3.748,6,16.667,-6.369,-0.861,2,50.0,-4.271,-1.026,2,0.0,-5.102
002202.SZ,11.892,3,66.667,1.885,8.961,2,50.0,0.848,9.682,1,100.0,8.218
002230.SZ,-5.559,6,0.0,-9.5,-3.61,4,0.0,-9.136,-3.356,4,0.0,-8.474
002236.SZ,-2.948,4,25.0,-7.438,-2.948,4,25.0,-7.438,-3.169,3,0.0,-10.677
002241.SZ,3.397,6,33.333,5.856,4.152,5,40.0,8.508,3.895,4,50.0,9.762
002304.SZ,-3.079,4,0.0,-7.772,-0.85,1,0.0,-8.484,-0.85,1,0.0,-8.484
002311.SZ,-0.071,7,42.857,-0.015,-0.033,2,50.0,-0.081,-0.033,2,50.0,-0.081
002352.SZ,2.272,2,100.0,11.335,0.189,1,100.0,1.878,-0.321,1,0.0,-3.217
002353.SZ,8.662,10,60.0,8.49,-0.655,2,0.0,-3.291,0.0,0,0,0
002371.SZ,10.897,6,50.0,-0.394,8.105,4,50.0,0.016,8.105,4,50.0,0.016
002384.SZ,45.506,8,25.0,57.232,31.828,5,40.0,63.33,32.969,4,50.0,81.292
002415.SZ,-0.579,4,0.0,-8.171,-1.338,2,0.0,-6.827,-1.338,2,0.0,-6.827
002422.SZ,0.586,8,25.0,-4.379,-5.588,7,0.0,-8.895,-3.32,5,0.0,-7.728
002460.SZ,5.175,3,33.333,-5.68,4.381,1,0.0,-10.441,4.255,1,0.0,-10.441
002463.SZ,20.764,8,12.5,-1.182,14.554,2,0.0,-10.321,14.554,2,0.0,-10.321
002466.SZ,3.996,3,33.333,13.533,3.964,2,50.0,20.227,3.964,2,50.0,20.227
002475.SZ,1.659,7,28.571,-3.572,2.842,4,50.0,0.367,4.233,2,100.0,7.419
002493.SZ,0.742,5,40.0,1.221,0.196,1,100.0,1.952,0.196,1,100.0,1.952
002532.SZ,13.624,3,66.667,45.393,8.794,3,33.333,30.057,10.648,2,50.0,54.069
002558.SZ,13.208,6,50.0,21.776,14.183,5,60.0,27.862,10.53,4,75.0,26.161
002594.SZ,-0.879,7,28.571,-1.134,2.718,2,50.0,13.764,3.601,1,100.0,36.029
002600.SZ,-2.173,10,10.0,-2.047,-1.74,8,12.5,-2.079,-1.771,8,12.5,-2.131
002602.SZ,12.769,7,42.857,18.39,7.354,4,50.0,18.324,5.537,4,50.0,13.896
002625.SZ,4.026,7,14.286,6.214,0.0,0,0,0,0.0,0,0,0
002648.SZ,-1.747,9,11.111,-2.04,-0.802,1,0.0,-8.061,-0.802,1,0.0,-8.061
002709.SZ,9.316,3,0.0,-7.315,11.068,1,0.0,-6.076,10.218,1,0.0,-6.076
002714.SZ,-0.29,5,40.0,-0.465,1.904,2,50.0,9.713,1.021,2,50.0,5.021
002736.SZ,-1.539,8,25.0,-1.639,-1.912,4,0.0,-4.316,-2.062,4,0.0,-5.238
002837.SZ,12.523,3,33.333,-7.303,13.819,1,0.0,-9.37,-0.905,1,0.0,-9.37
002916.SZ,6.97,8,25.0,5.35,3.002,5,20.0,6.418,2.897,5,20.0,6.223
002920.SZ,2.024,5,40.0,4.33,-2.607,2,0.0,-13.122,-2.607,2,0.0,-13.122
002938.SZ,20.9,6,16.667,-1.791,14.757,2,0.0,-11.941,14.757,2,0.0,-11.941
003816.SZ,5.703,2,100.0,23.754,0.975,2,50.0,5.742,-0.217,3,33.333,-0.693
600000.SH,7.744,4,50.0,19.184,6.046,4,50.0,14.944,5.952,3,66.667,19.763
600009.SH,-3.479,4,0.0,-8.808,-1.567,2,0.0,-7.88,-0.831,1,0.0,-8.286
600010.SH,-0.801,3,0.0,-9.138,-2.057,3,0.0,-7.007,-2.079,3,0.0,-7.116
600011.SH,-0.738,7,42.857,-1.072,-0.815,2,50.0,-4.186,-1.017,2,0.0,-5.205
600015.SH,2.837,6,50.0,4.548,0.064,3,33.333,0.251,0.064,3,33.333,0.251
600016.SH,1.692,4,75.0,4.233,-1.176,4,25.0,-2.867,-1.42,2,0.0,-7.015
600018.SH,-0.234,4,25.0,0.247,-0.947,3,33.333,-1.964,-0.598,3,33.333,-1.964
600019.SH,-3.13,9,22.222,-3.524,-0.515,2,0.0,-2.579,-1.054,2,0.0,-5.285
600023.SH,1.222,9,22.222,1.644,-1.094,4,25.0,-2.559,-1.094,4,25.0,-2.559
600025.SH,1.143,8,75.0,1.564,0.283,4,75.0,0.72,0.508,2,100.0,2.534
600026.SH,4.642,3,66.667,10.829,-0.494,4,25.0,-1.129,-2.425,4,25.0,-6.145
600027.SH,-3.451,8,25.0,-4.379,-2.737,4,25.0,-6.898,-1.565,3,33.333,-5.228
600028.SH,-0.375,5,40.0,0.143,-0.752,1,0.0,-7.571,-0.829,1,0.0,-8.294
600029.SH,-0.331,6,16.667,-0.469,0.608,2,50.0,3.069,1.001,1,100.0,10.006
600030.SH,1.058,5,40.0,3.149,-1.224,2,50.0,-4.857,0.033,1,100.0,0.333
600031.SH,-2.114,8,37.5,-2.42,2.221,4,75.0,5.492,-1.608,4,25.0,-4.059
600036.SH,-0.048,5,60.0,0.15,1.147,2,100.0,5.719,-1.264,3,33.333,-4.255
600039.SH,0.408,6,50.0,0.018,-0.299,2,0.0,-1.497,-0.299,2,0.0,-1.497
600048.SH,-4.78,5,0.0,-9.755,-3.146,3,0.0,-10.565,-3.146,3,0.0,-10.565
600050.SH,-0.91,5,20.0,-1.726,2.385,1,100.0,23.853,-1.177,1,0.0,-11.823
600061.SH,2.532,5,40.0,5.18,2.264,2,50.0,11.605,-0.906,2,0.0,-4.535
600066.SH,10.912,10,30.0,11.205,-0.039,7,14.286,0.164,1.989,5,20.0,4.238
600085.SH,-4.469,6,16.667,-7.574,-2.471,4,0.0,-6.253,-1.598,2,0.0,-8.059
600089.SH,3.418,5,20.0,-3.461,-1.032,1,0.0,-10.39,-1.032,1,0.0,-10.39
600104.SH,0.504,6,50.0,0.881,-0.624,3,33.333,-2.094,-1.135,2,0.0,-5.672
600111.SH,3.569,6,33.333,6.502,-1.81,3,33.333,-5.307,-2.585,4,25.0,-5.981
600115.SH,1.147,6,33.333,1.99,-0.784,3,0.0,-2.63,-0.39,2,0.0,-1.968
600118.SH,10.467,3,0.0,-7.822,13.158,0,0,0,13.193,0,0,0
600150.SH,3.6,5,60.0,7.335,0.933,1,100.0,9.317,0.317,1,100.0,3.195
600160.SH,3.922,5,60.0,0.444,-1.45,3,33.333,-4.891,-1.722,2,0.0,-8.724
600176.SH,13.21,6,50.0,16.913,8.575,1,100.0,85.753,8.575,1,100.0,85.753
600183.SH,16.88,6,33.333,15.523,12.38,4,25.0,13.062,12.38,4,25.0,13.062
600188.SH,4.906,5,40.0,1.149,1.733,3,33.333,0.937,1.396,2,50.0,-0.285
600196.SH,-2.532,4,25.0,-6.302,-0.672,1,0.0,-6.727,-0.672,1,0.0,-6.727
600219.SH,5.675,3,66.667,18.959,3.945,2,100.0,19.459,3.945,2,100.0,19.459
600221.SH,-1.139,5,20.0,-2.118,-1.551,2,0.0,-7.787,-0.839,1,0.0,-8.389
600233.SH,2.818,6,50.0,4.778,2.883,1,100.0,28.714,0.0,0,0,0
600276.SH,-4.292,10,10.0,-4.15,1.62,3,33.333,5.442,0.737,3,33.333,2.409
600309.SH,4.134,3,66.667,13.762,-1.693,2,0.0,-8.497,-1.693,2,0.0,-8.497
600346.SH,-1.803,5,40.0,-3.609,-1.048,1,0.0,-10.569,-1.048,1,0.0,-10.569
600362.SH,11.143,4,25.0,3.506,1.918,3,0.0,-8.005,2.048,3,0.0,-7.579
600372.SH,-4.548,5,0.0,-8.668,-0.283,0,0,0,-0.903,1,0.0,-9.026
600406.SH,-0.886,4,50.0,-2.156,-0.375,2,50.0,-1.876,-0.853,1,0.0,-8.572
600415.SH,8.315,5,80.0,16.47,2.247,2,100.0,10.838,2.247,2,100.0,10.838
600426.SH,-1.39,6,50.0,-2.315,-1.613,2,0.0,-8.236,-1.613,2,0.0,-8.236
600436.SH,-2.526,3,0.0,-8.516,-0.929,1,0.0,-9.343,0.0,0,0,0
600438.SH,-4.341,7,14.286,-5.961,2.148,1,100.0,21.437,2.148,1,100.0,21.437
600460.SH,0.837,2,0.0,-9.352,-3.844,4,0.0,-9.771,-5.622,5,0.0,-11.254
600482.SH,1.491,7,28.571,-1.753,0.987,2,50.0,4.952,-0.594,3,33.333,-1.997
600489.SH,7.767,7,42.857,11.416,5.265,5,40.0,10.871,5.265,5,40.0,10.871
600515.SH,-0.82,3,33.333,-2.354,-1.133,1,0.0,-11.331,-1.133,1,0.0,-11.331
600519.SH,-2.62,6,0.0,-4.524,-1.657,3,0.0,-5.768,-0.61,1,0.0,-6.201
600522.SH,2.886,8,12.5,-5.162,3.202,6,16.667,-6.432,3.424,4,25.0,-7.799
600547.SH,7.676,4,75.0,18.967,5.971,4,75.0,14.242,5.938,4,75.0,14.165
600549.SH,16.154,2,0.0,-7.758,10.017,2,0.0,-8.041,9.308,2,0.0,-11.058
600570.SH,-1.44,4,25.0,-3.556,-2.78,4,0.0,-6.954,-2.78,4,0.0,-6.954
600584.SH,8.391,5,0.0,-7.355,-0.015,5,0.0,-7.11,0.687,4,0.0,-7.115
600585.SH,-3.927,6,0.0,-6.63,-2.31,3,0.0,-7.739,-1.387,2,0.0,-6.959
600588.SH,-2.82,4,0.0,-7.214,-2.643,4,0.0,-6.776,-1.842,3,0.0,-6.31
600600.SH,-3.528,6,0.0,-5.978,-0.574,2,0.0,-2.924,0.0,0,0,0
600660.SH,3.941,4,75.0,9.766,1.155,2,100.0,5.764,1.155,2,100.0,5.764
600674.SH,-0.928,9,33.333,-1.028,-0.986,5,40.0,-1.986,-0.232,4,50.0,-0.563
600690.SH,-0.73,4,25.0,-0.571,-0.908,1,0.0,-9.082,-0.908,1,0.0,-9.082
600741.SH,-2.381,7,28.571,-3.446,-2.051,4,0.0,-5.17,-0.131,1,0.0,-1.316
600760.SH,0.385,6,50.0,0.669,0.841,2,100.0,4.204,0.579,2,50.0,2.895
600795.SH,7.69,2,100.0,37.246,4.45,2,100.0,22.008,2.225,1,100.0,22.247
600803.SH,-2.346,8,25.0,-2.956,-0.65,2,0.0,-3.278,-0.179,1,0.0,-1.795
600809.SH,-3.823,6,16.667,-6.468,-1.665,3,33.333,-5.559,-2.103,3,0.0,-7.057
600845.SH,-4.803,7,14.286,-6.977,-2.468,4,25.0,-6.178,-1.887,2,0.0,-9.412
600875.SH,6.82,4,25.0,-1.895,5.154,2,0.0,-8.437,5.684,1,0.0,-8.457
600886.SH,0.44,8,50.0,0.733,-1.23,4,50.0,-3.077,-1.497,3,33.333,-5.014
600887.SH,-1.14,3,33.333,-3.805,-2.214,3,0.0,-7.391,-0.525,1,0.0,-5.268
600893.SH,-4.31,6,16.667,-7.155,-2.178,4,25.0,-5.406,-2.096,3,0.0,-6.927
600900.SH,2.732,6,66.667,3.492,1.743,3,100.0,3.685,-0.031,2,50.0,-0.155
600905.SH,-3.252,7,14.286,-4.697,-1.234,3,33.333,-4.125,-0.882,1,0.0,-8.841
600918.SH,-1.441,6,33.333,-2.413,-2.026,3,0.0,-6.799,-1.337,2,0.0,-6.716
600919.SH,1.028,8,62.5,0.17,-0.133,5,40.0,-2.036,0.767,4,50.0,-0.068
600926.SH,3.53,4,50.0,8.845,3.357,4,50.0,8.419,2.162,3,66.667,7.29
600930.SH,-2.843,3,0.0,-9.663,-0.844,1,0.0,-8.594,-0.844,1,0.0,-8.594
600938.SH,6.451,7,57.143,9.249,3.294,4,25.0,8.42,3.294,4,25.0,8.42
600941.SH,-3.208,8,37.5,-3.928,-4.169,5,0.0,-8.294,-2.179,3,0.0,-7.346
600958.SH,0.731,6,50.0,1.921,0.339,3,33.333,1.332,-0.139,1,0.0,-1.39
600989.SH,1.725,8,25.0,2.297,-1.126,2,0.0,-5.665,-0.604,1,0.0,-6.076
600999.SH,1.188,6,50.0,0.517,-0.351,4,25.0,-0.834,-4.446,5,0.0,-9.12
601006.SH,-2.924,5,20.0,-5.901,-2.959,4,0.0,-7.485,-0.776,1,0.0,-7.806
601009.SH,3.029,4,50.0,8.235,4.04,2,100.0,20.032,4.04,2,100.0,20.032
601012.SH,-1.891,3,33.333,-6.295,-1.351,3,33.333,-4.526,-0.67,2,50.0,-3.324
601018.SH,-3.947,6,0.0,-6.675,-3.194,4,0.0,-8.105,-0.944,1,0.0,-9.325
601021.SH,-4.927,8,25.0,-5.405,-1.707,3,33.333,-5.686,-2.055,2,0.0,-10.29
601058.SH,-1.894,9,44.444,-1.432,-3.338,3,0.0,-11.203,-1.127,2,0.0,-5.63
601059.SH,-5.18,9,11.111,-5.891,-0.889,2,0.0,-4.57,-0.889,2,0.0,-4.57
601066.SH,1.628,5,40.0,1.734,1.063,3,33.333,3.616,-1.693,2,0.0,-8.591
601077.SH,4.002,9,66.667,4.412,1.886,6,50.0,3.159,1.886,6,50.0,3.159
601088.SH,7.155,6,83.333,11.614,1.061,4,75.0,2.646,1.061,4,75.0,2.646
601100.SH,-0.12,7,42.857,0.027,3.321,3,66.667,11.178,3.009,3,66.667,10.161
601111.SH,-2.126,6,16.667,-3.542,-1.504,2,0.0,-7.536,-1.504,2,0.0,-7.536
601117.SH,-3.563,8,25.0,-4.501,-0.365,1,0.0,-3.662,0.0,0,0,0
601127.SH,-2.5,6,33.333,-4.336,-3.354,3,0.0,-11.147,-3.354,3,0.0,-11.147
601136.SH,-5.91,7,0.0,-8.67,-2.303,2,0.0,-11.272,-1.48,1,0.0,-14.08
601138.SH,14.888,5,20.0,31.028,11.336,5,20.0,23.529,11.336,5,20.0,23.529
601166.SH,-4.609,9,33.333,-4.719,-1.849,6,33.333,-3.064,-1.777,4,25.0,-4.454
601169.SH,0.409,8,50.0,0.873,-1.71,6,16.667,-2.865,-0.674,3,33.333,-2.235
601186.SH,-2.898,4,0.0,-7.303,0.0,0,0,0,0.0,0,0,0
601211.SH,2.553,4,75.0,7.821,1.151,2,50.0,7.924,0.555,2,50.0,4.923
601225.SH,-1.832,9,33.333,-1.841,1.029,5,40.0,2.154,1.103,5,20.0,2.278
601229.SH,5.161,4,75.0,12.78,3.305,3,100.0,10.931,3.015,3,100.0,9.989
601238.SH,-3.353,7,14.286,-4.904,-1.874,3,0.0,-6.346,-0.776,1,0.0,-7.811
601288.SH,11.013,5,80.0,21.344,5.787,5,60.0,11.505,2.604,3,66.667,8.702
601318.SH,1.679,6,33.333,2.907,2.159,3,33.333,7.323,1.634,2,50.0,8.306
601319.SH,1.905,7,42.857,3.518,0.77,5,40.0,2.591,0.481,2,50.0,2.485
601328.SH,3.104,8,50.0,4.125,2.22,5,80.0,4.416,1.337,3,100.0,4.448
601336.SH,9.304,3,66.667,22.908,3.069,3,33.333,13.102,4.538,2,50.0,22.934
601360.SH,-1.979,4,25.0,-4.964,0.232,2,50.0,1.21,0.232,2,50.0,1.21
601377.SH,-0.09,6,33.333,-0.178,-2.343,3,0.0,-7.942,-1.473,2,0.0,-7.491
601390.SH,-3.081,5,20.0,-6.232,0.0,0,0,0,0.0,0,0,0
601398.SH,4.233,6,66.667,7.464,3.005,3,100.0,9.955,2.587,3,100.0,8.59
601456.SH,-0.758,6,33.333,-1.282,-2.177,3,0.0,-7.41,-2.058,3,0.0,-7.038
601600.SH,7.41,8,25.0,9.77,6.319,5,20.0,12.895,6.198,5,20.0,12.838
601601.SH,-1.896,8,37.5,-2.358,-2.708,3,0.0,-9.108,-1.24,2,0.0,-6.15
601607.SH,-2.895,6,16.667,-4.566,-0.871,1,0.0,-8.2,-0.82,1,0.0,-8.2
601618.SH,-5.56,8,12.5,-7.098,0.0,0,0,0,0.0,0,0,0
601628.SH,-2.491,8,37.5,-3.156,-0.034,4,50.0,-0.08,0.491,2,50.0,2.487
601633.SH,-3.748,6,33.333,-6.345,-1.637,3,33.333,-5.458,-1.468,3,33.333,-4.96
601658.SH,-2.707,5,0.0,-4.856,-2.253,4,0.0,-4.897,-1.664,2,0.0,-8.353
601668.SH,-0.542,3,66.667,-1.808,-0.017,1,0.0,-0.171,0.0,0,0,0
601669.SH,-0.307,5,40.0,-0.585,1.457,1,100.0,14.567,0.0,0,0,0
601688.SH,7.936,6,66.667,12.908,4.854,3,66.667,15.916,1.89,2,50.0,9.395
601689.SH,3.458,3,33.333,11.749,-0.967,2,0.0,-4.799,-0.967,2,0.0,-4.799
601698.SH,2.51,2,50.0,-4.1,3.358,0,0,0,2.673,0,0,0
601727.SH,3.561,8,37.5,4.794,-1.498,4,50.0,-3.69,-1.864,2,0.0,-9.231
601728.SH,-5.154,8,0.0,-6.485,-5.235,6,0.0,-8.8,-3.619,4,0.0,-8.996
601766.SH,3.676,3,100.0,12.253,0.098,2,50.0,0.507,0.098,2,50.0,0.507
601788.SH,2.059,4,75.0,5.207,1.356,3,66.667,4.567,-1.952,2,0.0,-9.836
601800.SH,-4.203,7,14.286,-6.157,0.0,0,0,0,0.0,0,0,0
601816.SH,-1.179,5,40.0,-2.321,-0.678,2,0.0,-3.392,-0.678,2,0.0,-3.392
601818.SH,1.266,5,60.0,2.577,1.441,4,50.0,3.667,-1.936,3,0.0,-6.492
601825.SH,-1.126,10,40.0,-1.059,1.911,5,80.0,3.822,1.483,3,100.0,4.933
601838.SH,5.436,4,75.0,9.722,4.135,3,66.667,10.35,3.488,3,66.667,8.435
601857.SH,6.489,3,66.667,6.359,-1.676,2,0.0,-8.424,-0.778,1,0.0,-7.821
601868.SH,-0.199,4,50.0,-1.375,0.0,0,0,0,0.0,0,0,0
601872.SH,12.691,6,33.333,5.507,-2.074,5,20.0,-3.734,-1.178,4,25.0,-2.535
601877.SH,-1.432,6,16.667,-2.164,-0.824,1,0.0,-8.292,-0.824,1,0.0,-8.292
601878.SH,-0.512,4,25.0,-1.281,-1.805,3,0.0,-6.016,-2.296,3,0.0,-7.803
601881.SH,1.908,5,40.0,4.904,3.228,2,100.0,18.602,-0.35,3,33.333,-1.25
601888.SH,-2.95,4,25.0,-7.366,-1.301,1,0.0,-12.916,-1.301,1,0.0,-12.916
601898.SH,2.281,8,37.5,3.139,0.586,4,25.0,1.618,0.877,3,33.333,3.114
601899.SH,9.91,6,50.0,16.591,1.985,6,33.333,3.676,2.998,5,40.0,6.358
601901.SH,-6.685,9,11.111,-7.548,-3.118,4,0.0,-7.907,-1.391,2,0.0,-7.089
601916.SH,0.561,6,33.333,0.997,0.411,4,50.0,1.055,-0.811,4,50.0,-2.027
601919.SH,7.439,5,40.0,13.928,7.196,3,66.667,24.008,5.678,2,50.0,28.827
601939.SH,4.021,7,71.429,4.233,1.222,5,40.0,1.158,0.22,5,40.0,-0.835
601985.SH,-0.661,6,50.0,-0.918,-0.084,2,50.0,0.975,0.191,2,50.0,0.975
601988.SH,6.068,4,75.0,14.182,4.216,3,100.0,12.365,1.008,3,66.667,3.369
601995.SH,-0.171,3,33.333,1.275,-1.897,2,0.0,-7.471,-1.164,1,0.0,-7.425
601998.SH,2.477,7,57.143,3.534,-2.031,5,20.0,-4.076,-2.275,5,20.0,-4.58
603019.SH,-0.32,6,50.0,-0.441,1.45,5,60.0,2.871,0.829,3,66.667,2.71
603259.SH,6.598,7,42.857,4.754,2.363,5,20.0,-1.335,-2.386,5,0.0,-10.906
603260.SH,-1.282,4,25.0,-3.22,0.0,0,0,0,0.0,0,0,0
603288.SH,-0.828,5,20.0,-0.806,-1.027,2,0.0,-5.181,-1.383,2,0.0,-6.986
603296.SH,6.843,4,25.0,-1.628,3.55,3,33.333,-2.874,3.529,3,33.333,-2.953
603369.SH,-2.128,5,40.0,-3.86,-0.564,2,50.0,-1.684,0.046,1,100.0,2.742
603392.SH,0.468,3,33.333,1.575,0.0,0,0,0,0.0,0,0,0
603501.SH,-4.778,8,25.0,-6.063,-4.582,5,0.0,-9.318,-3.293,3,0.0,-11.072
603799.SH,8.934,3,66.667,29.396,5.55,2,50.0,28.235,5.55,2,50.0,28.235
603893.SH,-0.148,8,12.5,-0.201,-2.661,7,14.286,-4.223,-2.119,6,16.667,-4.009
603986.SH,19.048,7,42.857,27.529,11.195,5,40.0,22.362,6.893,6,16.667,12.318
603993.SH,18.218,5,20.0,5.006,10.515,1,100.0,0.42,10.515,1,100.0,0.42
605117.SH,5.779,7,42.857,8.27,-1.0,5,20.0,-1.89,-0.117,4,25.0,-0.13
605499.SH,4.32,5,60.0,8.628,0.231,2,100.0,1.155,0.231,2,100.0,1.155
688008.SH,8.614,8,25.0,11.597,4.026,5,20.0,9.386,4.026,5,20.0,9.386
688009.SH,-1.435,6,50.0,-2.087,-0.464,1,0.0,-4.67,-0.464,1,0.0,-4.67
688012.SH,14.742,5,20.0,-4.457,12.418,4,0.0,-8.047,12.418,4,0.0,-8.047
688036.SH,-4.556,11,27.273,-4.216,-0.848,7,42.857,-1.156,-1.928,7,42.857,-2.753
688041.SH,11.318,7,28.571,16.349,3.208,6,16.667,5.66,3.215,6,16.667,5.919
688047.SH,-8.893,8,0.0,-10.964,-4.087,5,0.0,-8.393,-4.087,5,0.0,-8.393
688072.SH,23.843,6,16.667,-6.983,21.345,2,50.0,-2.597,21.345,2,50.0,-2.597
688082.SH,7.565,6,33.333,3.198,3.697,4,25.0,-4.806,2.323,4,25.0,-4.61
688111.SH,-7.374,8,0.0,-9.5,-7.384,8,0.0,-9.528,-7.384,8,0.0,-9.528
688126.SH,-9.219,11,0.0,-8.727,-7.444,9,0.0,-8.583,-7.444,9,0.0,-8.583
688183.SH,35.666,3,33.333,52.983,8.906,2,0.0,-10.36,8.906,2,0.0,-10.36
688223.SH,-6.89,7,0.0,-10.147,-2.836,3,0.0,-9.501,-2.766,3,0.0,-9.286
688256.SH,3.569,10,30.0,1.514,-5.215,9,11.111,-5.793,-3.728,8,12.5,-4.697
688271.SH,-0.817,6,33.333,-1.383,1.116,1,100.0,11.157,-0.086,1,0.0,-0.859
688303.SH,-2.281,4,25.0,-5.698,-1.198,1,0.0,-11.773,-1.198,1,0.0,-11.773
688396.SH,-5.64,9,11.111,-6.358,-4.361,8,12.5,-5.556,-2.039,5,20.0,-4.101
688472.SH,7.615,3,66.667,24.854,1.569,2,50.0,7.478,1.569,2,50.0,7.478
688506.SH,4.597,9,33.333,5.332,2.255,4,25.0,5.289,2.255,4,25.0,5.289
688521.SH,10.233,7,14.286,-0.676,-8.743,9,0.0,-10.148,-9.194,9,0.0,-10.693
688981.SH,-4.362,9,11.111,-4.914,-4.838,7,0.0,-7.058,-4.838,7,0.0,-7.058
